shop_id,medicine_id,medicine_name,sale_date,quantity
SHOP001,73172,Evion 400,2025-01-01,3
SHOP002,73169,Foracort 200,2025-01-01,2
SHOP002,73142,Ciplox 500,2025-01-01,2
SHOP001,73153,Deriphyllin 150,2025-01-02,4
SHOP001,73154,Gelusil MPS,2025-01-02,3
SHOP002,73130,Pantop DSR,2025-01-03,1
SHOP001,73165,Lupisulide P,2025-01-03,3
SHOP001,73179,Itaspor 100,2025-01-03,2
SHOP002,73176,Calpol 500,2025-01-03,3
SHOP001,73146,Janumet 50/500,2025-01-03,10
SHOP002,73135,Glycomet GP2,2025-01-04,10
SHOP002,73131,Dolo 650,2025-01-04,3
SHOP001,73149,Becosules Caps,2025-01-04,4
SHOP001,73143,Allegra 120,2025-01-05,5
SHOP001,73162,Cipcal 500,2025-01-05,3
SHOP002,73171,Alex Cough Syrup,2025-01-05,20
SHOP002,73175,Avil 25,2025-01-06,2
SHOP002,73179,Itaspor 100,2025-01-06,4
SHOP002,73164,Limcee 500,2025-01-06,5
SHOP002,73151,Celin 500,2025-01-07,5
SHOP002,73144,Combiflam,2025-01-07,2
SHOP001,73160,Meftal Spas,2025-01-07,3
SHOP002,73130,Pantop DSR,2025-01-07,1
SHOP001,73179,Itaspor 100,2025-01-08,3
SHOP002,73142,Ciplox 500,2025-01-08,4
SHOP002,73174,Dulcoflex 5mg,2025-01-08,5
SHOP001,73175,Avil 25,2025-01-08,1
SHOP001,73136,Telmikind 40,2025-01-08,3
SHOP002,73165,Lupisulide P,2025-01-08,5
SHOP002,73177,Voveran SR 100,2025-01-08,4
SHOP001,73133,Azithral 500,2025-01-09,2
SHOP001,73159,Taxim O 200,2025-01-09,3
SHOP002,73160,Meftal Spas,2025-01-09,3
SHOP001,73157,Eldoper Caps,2025-01-09,2
SHOP001,73135,Glycomet GP2,2025-01-09,3
SHOP002,73146,Janumet 50/500,2025-01-09,4
SHOP002,73142,Ciplox 500,2025-01-09,3
SHOP002,73130,Pantop DSR,2025-01-10,4
SHOP002,73176,Calpol 500,2025-01-10,5
SHOP002,73169,Foracort 200,2025-01-10,5
SHOP001,73163,Metolar XR 25,2025-01-11,8
SHOP001,73137,Electral Powder,2025-01-11,5
SHOP002,73173,Neurobion Forte,2025-01-11,5
SHOP001,73161,Aztor 10,2025-01-12,7
SHOP001,73137,Electral Powder,2025-01-12,1
SHOP002,73143,Allegra 120,2025-01-12,4
SHOP001,73137,Electral Powder,2025-01-12,1
SHOP002,73133,Azithral 500,2025-01-12,3
SHOP002,73137,Electral Powder,2025-01-13,4
SHOP001,73154,Gelusil MPS,2025-01-13,5
SHOP002,73143,Allegra 120,2025-01-13,4
SHOP002,73139,Ondem 4mg,2025-01-13,2
SHOP001,73136,Telmikind 40,2025-01-14,8
SHOP001,73159,Taxim O 200,2025-01-14,4
SHOP001,73171,Alex Cough Syrup,2025-01-14,19
SHOP002,73137,Electral Powder,2025-01-14,2
SHOP001,73159,Taxim O 200,2025-01-15,2
SHOP002,73177,Voveran SR 100,2025-01-15,2
SHOP001,73147,Amlokind 5,2025-01-15,3
SHOP002,73135,Glycomet GP2,2025-01-15,4
SHOP002,73179,Itaspor 100,2025-01-15,4
SHOP001,73170,Asthalin Inhaler,2025-01-15,1
SHOP002,73142,Ciplox 500,2025-01-15,1
SHOP002,73153,Deriphyllin 150,2025-01-15,1
SHOP001,73139,Ondem 4mg,2025-01-16,3
SHOP001,73140,Atorva 10,2025-01-17,10
SHOP001,73176,Calpol 500,2025-01-17,4
SHOP002,73136,Telmikind 40,2025-01-17,4
SHOP001,73151,Celin 500,2025-01-17,1
SHOP001,73177,Voveran SR 100,2025-01-17,4
SHOP002,73165,Lupisulide P,2025-01-17,5
SHOP001,73131,Dolo 650,2025-01-17,2
SHOP001,73167,Zerodol SP,2025-01-17,2
SHOP002,73165,Lupisulide P,2025-01-18,4
SHOP002,73173,Neurobion Forte,2025-01-18,1
SHOP001,73155,Thyronorm 50,2025-01-19,1
SHOP001,73141,Pan 40,2025-01-19,3
SHOP002,73167,Zerodol SP,2025-01-19,5
SHOP001,73157,Eldoper Caps,2025-01-19,1
SHOP001,73152,Zocon 150,2025-01-20,2
SHOP002,73143,Allegra 120,2025-01-20,2
SHOP002,73175,Avil 25,2025-01-20,3
SHOP002,73139,Ondem 4mg,2025-01-20,1
SHOP002,73179,Itaspor 100,2025-01-20,5
SHOP002,73160,Meftal Spas,2025-01-21,1
SHOP002,73173,Neurobion Forte,2025-01-21,3
SHOP001,73135,Glycomet GP2,2025-01-21,7
SHOP002,73132,Montair LC,2025-01-21,18
SHOP001,73130,Pantop DSR,2025-01-22,1
SHOP002,73147,Amlokind 5,2025-01-23,3
SHOP001,73139,Ondem 4mg,2025-01-23,2
SHOP002,73151,Celin 500,2025-01-23,4
SHOP001,73132,Montair LC,2025-01-23,10
SHOP001,73146,Janumet 50/500,2025-01-23,3
SHOP002,73146,Janumet 50/500,2025-01-23,6
SHOP001,73164,Limcee 500,2025-01-24,5
SHOP001,73155,Thyronorm 50,2025-01-24,5
SHOP002,73143,Allegra 120,2025-01-24,5
SHOP002,73173,Neurobion Forte,2025-01-24,5
SHOP001,73176,Calpol 500,2025-01-24,2
SHOP001,73138,Moxikind CV 625,2025-01-24,2
SHOP001,73176,Calpol 500,2025-01-25,3
SHOP002,73159,Taxim O 200,2025-01-25,2
SHOP001,73164,Limcee 500,2025-01-25,3
SHOP001,73145,Benadryl Syrup,2025-01-26,7
SHOP001,73161,Aztor 10,2025-01-26,4
SHOP002,73148,Cyclopam,2025-01-27,3
SHOP001,73144,Combiflam,2025-01-27,5
SHOP001,73130,Pantop DSR,2025-01-27,3
SHOP002,73168,Rabekind D,2025-01-27,2
SHOP002,73167,Zerodol SP,2025-01-28,5
SHOP001,73171,Alex Cough Syrup,2025-01-28,9
SHOP002,73161,Aztor 10,2025-01-28,5
SHOP002,73146,Janumet 50/500,2025-01-28,6
SHOP001,73148,Cyclopam,2025-01-29,2
SHOP001,73139,Ondem 4mg,2025-01-29,5
SHOP002,73159,Taxim O 200,2025-01-29,1
SHOP001,73179,Itaspor 100,2025-01-29,4
SHOP001,73144,Combiflam,2025-01-30,2
SHOP001,73150,Shelcal 500,2025-01-30,1
SHOP001,73139,Ondem 4mg,2025-01-30,3
SHOP002,73173,Neurobion Forte,2025-01-30,1
SHOP001,73147,Amlokind 5,2025-01-30,8
SHOP002,73133,Azithral 500,2025-01-31,4
SHOP001,73177,Voveran SR 100,2025-01-31,1
SHOP002,73144,Combiflam,2025-01-31,2
SHOP002,73158,Cefakind 500,2025-01-31,4
SHOP001,73160,Meftal Spas,2025-01-31,1
SHOP002,73139,Ondem 4mg,2025-01-31,1
SHOP002,73138,Moxikind CV 625,2025-01-31,2
SHOP002,73173,Neurobion Forte,2025-01-31,4
SHOP001,73160,Meftal Spas,2025-01-31,4
SHOP001,73177,Voveran SR 100,2025-02-01,5
SHOP002,73154,Gelusil MPS,2025-02-01,5
SHOP001,73166,Ofal-OZ,2025-02-01,4
SHOP002,73135,Glycomet GP2,2025-02-02,3
SHOP001,73151,Celin 500,2025-02-02,4
SHOP002,73169,Foracort 200,2025-02-02,1
SHOP002,73131,Dolo 650,2025-02-02,2
SHOP001,73155,Thyronorm 50,2025-02-02,4
SHOP001,73135,Glycomet GP2,2025-02-02,6
SHOP001,73147,Amlokind 5,2025-02-02,4
SHOP002,73135,Glycomet GP2,2025-02-03,5
SHOP002,73178,Ovez-D,2025-02-03,1
SHOP001,73168,Rabekind D,2025-02-03,3
SHOP001,73160,Meftal Spas,2025-02-03,1
SHOP002,73163,Metolar XR 25,2025-02-04,10
SHOP001,73166,Ofal-OZ,2025-02-04,4
SHOP002,73135,Glycomet GP2,2025-02-04,10
SHOP001,73171,Alex Cough Syrup,2025-02-05,20
SHOP001,73137,Electral Powder,2025-02-05,5
SHOP002,73145,Benadryl Syrup,2025-02-06,10
SHOP002,73169,Foracort 200,2025-02-06,4
SHOP002,73154,Gelusil MPS,2025-02-07,5
SHOP002,73155,Thyronorm 50,2025-02-07,4
SHOP001,73135,Glycomet GP2,2025-02-08,3
SHOP002,73170,Asthalin Inhaler,2025-02-08,3
SHOP001,73153,Deriphyllin 150,2025-02-08,3
SHOP001,73133,Azithral 500,2025-02-08,2
SHOP002,73147,Amlokind 5,2025-02-08,8
SHOP001,73149,Becosules Caps,2025-02-08,5
SHOP002,73161,Aztor 10,2025-02-08,4
SHOP002,73160,Meftal Spas,2025-02-09,2
SHOP002,73142,Ciplox 500,2025-02-09,2
SHOP002,73158,Cefakind 500,2025-02-10,1
SHOP002,73166,Ofal-OZ,2025-02-12,2
SHOP001,73159,Taxim O 200,2025-02-12,5
SHOP002,73169,Foracort 200,2025-02-12,1
SHOP002,73153,Deriphyllin 150,2025-02-12,1
SHOP002,73131,Dolo 650,2025-02-13,4
SHOP001,73146,Janumet 50/500,2025-02-13,7
SHOP002,73133,Azithral 500,2025-02-13,2
SHOP001,73163,Metolar XR 25,2025-02-13,9
SHOP002,73153,Deriphyllin 150,2025-02-13,5
SHOP002,73169,Foracort 200,2025-02-13,4
SHOP002,73138,Moxikind CV 625,2025-02-13,4
SHOP002,73167,Zerodol SP,2025-02-13,3
SHOP002,73135,Glycomet GP2,2025-02-13,6
SHOP002,73164,Limcee 500,2025-02-14,1
SHOP002,73140,Atorva 10,2025-02-14,7
SHOP001,73177,Voveran SR 100,2025-02-14,1
SHOP001,73171,Alex Cough Syrup,2025-02-14,14
SHOP001,73141,Pan 40,2025-02-14,4
SHOP001,73132,Montair LC,2025-02-14,14
SHOP001,73138,Moxikind CV 625,2025-02-15,3
SHOP001,73160,Meftal Spas,2025-02-15,5
SHOP001,73132,Montair LC,2025-02-15,9
SHOP001,73177,Voveran SR 100,2025-02-16,2
SHOP001,73179,Itaspor 100,2025-02-16,3
SHOP002,73173,Neurobion Forte,2025-02-16,4
SHOP001,73161,Aztor 10,2025-02-16,9
SHOP001,73151,Celin 500,2025-02-16,1
SHOP001,73153,Deriphyllin 150,2025-02-16,3
SHOP001,73138,Moxikind CV 625,2025-02-16,3
SHOP002,73172,Evion 400,2025-02-17,5
SHOP002,73134,Ascoril LS Syrup,2025-02-17,14
SHOP001,73164,Limcee 500,2025-02-17,3
SHOP002,73139,Ondem 4mg,2025-02-17,5
SHOP001,73163,Metolar XR 25,2025-02-17,3
SHOP001,73132,Montair LC,2025-02-18,8
SHOP001,73138,Moxikind CV 625,2025-02-18,1
SHOP002,73166,Ofal-OZ,2025-02-18,4
SHOP001,73152,Zocon 150,2025-02-18,3
SHOP002,73154,Gelusil MPS,2025-02-18,4
SHOP001,73150,Shelcal 500,2025-02-19,4
SHOP002,73148,Cyclopam,2025-02-19,5
SHOP001,73177,Voveran SR 100,2025-02-19,1
SHOP001,73156,Ecosprin 75,2025-02-19,6
SHOP002,73158,Cefakind 500,2025-02-19,4
SHOP001,73156,Ecosprin 75,2025-02-20,5
SHOP002,73161,Aztor 10,2025-02-20,7
SHOP001,73147,Amlokind 5,2025-02-20,9
SHOP001,73137,Electral Powder,2025-02-21,2
SHOP001,73165,Lupisulide P,2025-02-21,4
SHOP001,73137,Electral Powder,2025-02-21,4
SHOP002,73138,Moxikind CV 625,2025-02-21,3
SHOP001,73135,Glycomet GP2,2025-02-21,5
SHOP002,73138,Moxikind CV 625,2025-02-22,4
SHOP002,73168,Rabekind D,2025-02-22,3
SHOP002,73140,Atorva 10,2025-02-22,9
SHOP002,73135,Glycomet GP2,2025-02-22,3
SHOP001,73143,Allegra 120,2025-02-22,5
SHOP002,73149,Becosules Caps,2025-02-22,3
SHOP001,73154,Gelusil MPS,2025-02-22,3
SHOP002,73157,Eldoper Caps,2025-02-23,5
SHOP001,73144,Combiflam,2025-02-23,5
SHOP001,73177,Voveran SR 100,2025-02-23,4
SHOP001,73133,Azithral 500,2025-02-23,4
SHOP002,73134,Ascoril LS Syrup,2025-02-23,8
SHOP001,73156,Ecosprin 75,2025-02-23,10
SHOP002,73170,Asthalin Inhaler,2025-02-23,3
SHOP001,73159,Taxim O 200,2025-02-23,4
SHOP001,73170,Asthalin Inhaler,2025-02-23,4
SHOP002,73145,Benadryl Syrup,2025-02-23,16
SHOP001,73145,Benadryl Syrup,2025-02-23,12
SHOP002,73130,Pantop DSR,2025-02-24,4
SHOP002,73149,Becosules Caps,2025-02-24,1
SHOP001,73173,Neurobion Forte,2025-02-25,2
SHOP001,73159,Taxim O 200,2025-02-25,4
SHOP001,73159,Taxim O 200,2025-02-25,3
SHOP001,73141,Pan 40,2025-02-25,1
SHOP002,73132,Montair LC,2025-02-26,6
SHOP002,73138,Moxikind CV 625,2025-02-26,5
SHOP002,73166,Ofal-OZ,2025-02-26,2
SHOP002,73166,Ofal-OZ,2025-02-27,3
SHOP001,73146,Janumet 50/500,2025-02-27,9
SHOP001,73132,Montair LC,2025-02-27,17
SHOP002,73130,Pantop DSR,2025-02-28,5
SHOP001,73135,Glycomet GP2,2025-03-01,4
SHOP002,73139,Ondem 4mg,2025-03-02,2
SHOP002,73162,Cipcal 500,2025-03-03,3
SHOP001,73152,Zocon 150,2025-03-03,2
SHOP001,73178,Ovez-D,2025-03-03,2
SHOP001,73168,Rabekind D,2025-03-03,2
SHOP001,73170,Asthalin Inhaler,2025-03-04,4
SHOP002,73133,Azithral 500,2025-03-04,1
SHOP001,73177,Voveran SR 100,2025-03-04,5
SHOP001,73177,Voveran SR 100,2025-03-04,4
SHOP002,73157,Eldoper Caps,2025-03-05,4
SHOP001,73159,Taxim O 200,2025-03-05,3
SHOP002,73174,Dulcoflex 5mg,2025-03-06,3
SHOP001,73131,Dolo 650,2025-03-06,4
SHOP002,73143,Allegra 120,2025-03-06,4
SHOP001,73174,Dulcoflex 5mg,2025-03-06,1
SHOP002,73153,Deriphyllin 150,2025-03-07,1
SHOP002,73131,Dolo 650,2025-03-07,5
SHOP002,73142,Ciplox 500,2025-03-08,3
SHOP002,73161,Aztor 10,2025-03-08,3
SHOP002,73149,Becosules Caps,2025-03-08,2
SHOP001,73171,Alex Cough Syrup,2025-03-08,4
SHOP002,73148,Cyclopam,2025-03-09,5
SHOP002,73131,Dolo 650,2025-03-09,4
SHOP001,73179,Itaspor 100,2025-03-10,3
SHOP002,73172,Evion 400,2025-03-10,3
SHOP001,73161,Aztor 10,2025-03-10,4
SHOP002,73158,Cefakind 500,2025-03-11,3
SHOP002,73166,Ofal-OZ,2025-03-11,3
SHOP002,73146,Janumet 50/500,2025-03-11,3
SHOP001,73146,Janumet 50/500,2025-03-11,3
SHOP001,73156,Ecosprin 75,2025-03-11,4
SHOP002,73173,Neurobion Forte,2025-03-11,1
SHOP001,73156,Ecosprin 75,2025-03-11,7
SHOP001,73166,Ofal-OZ,2025-03-11,2
SHOP002,73145,Benadryl Syrup,2025-03-11,1
SHOP001,73167,Zerodol SP,2025-03-11,1
SHOP001,73130,Pantop DSR,2025-03-11,24
SHOP002,73142,Ciplox 500,2025-03-12,4
SHOP001,73158,Cefakind 500,2025-03-12,3
SHOP001,73138,Moxikind CV 625,2025-03-12,4
SHOP001,73153,Deriphyllin 150,2025-03-12,3
SHOP002,73132,Montair LC,2025-03-12,3
SHOP001,73178,Ovez-D,2025-03-12,1
SHOP001,73133,Azithral 500,2025-03-13,2
SHOP002,73133,Azithral 500,2025-03-13,3
SHOP002,73136,Telmikind 40,2025-03-13,7
SHOP001,73150,Shelcal 500,2025-03-13,4
SHOP002,73169,Foracort 200,2025-03-13,3
SHOP001,73173,Neurobion Forte,2025-03-13,5
SHOP001,73147,Amlokind 5,2025-03-14,6
SHOP002,73132,Montair LC,2025-03-14,1
SHOP001,73131,Dolo 650,2025-03-15,4
SHOP001,73154,Gelusil MPS,2025-03-16,29
SHOP002,73159,Taxim O 200,2025-03-17,5
SHOP002,73159,Taxim O 200,2025-03-17,4
SHOP002,73146,Janumet 50/500,2025-03-18,5
SHOP001,73166,Ofal-OZ,2025-03-18,4
SHOP001,73146,Janumet 50/500,2025-03-18,10
SHOP001,73157,Eldoper Caps,2025-03-18,2
SHOP001,73178,Ovez-D,2025-03-19,2
SHOP002,73135,Glycomet GP2,2025-03-19,4
SHOP001,73160,Meftal Spas,2025-03-19,3
SHOP001,73136,Telmikind 40,2025-03-19,4
SHOP002,73165,Lupisulide P,2025-03-19,1
SHOP002,73147,Amlokind 5,2025-03-19,8
SHOP001,73148,Cyclopam,2025-03-19,3
SHOP001,73173,Neurobion Forte,2025-03-20,4
SHOP001,73163,Metolar XR 25,2025-03-20,6
SHOP001,73179,Itaspor 100,2025-03-20,2
SHOP001,73169,Foracort 200,2025-03-20,5
SHOP001,73135,Glycomet GP2,2025-03-20,3
SHOP001,73133,Azithral 500,2025-03-21,5
SHOP001,73163,Metolar XR 25,2025-03-21,4
SHOP002,73137,Electral Powder,2025-03-21,29
SHOP002,73168,Rabekind D,2025-03-21,3
SHOP002,73166,Ofal-OZ,2025-03-21,4
SHOP001,73167,Zerodol SP,2025-03-21,2
SHOP002,73173,Neurobion Forte,2025-03-21,5
SHOP001,73179,Itaspor 100,2025-03-21,4
SHOP001,73152,Zocon 150,2025-03-21,3
SHOP001,73161,Aztor 10,2025-03-21,6
SHOP001,73139,Ondem 4mg,2025-03-22,5
SHOP001,73176,Calpol 500,2025-03-22,4
SHOP002,73153,Deriphyllin 150,2025-03-22,1
SHOP002,73131,Dolo 650,2025-03-22,2
SHOP002,73133,Azithral 500,2025-03-22,1
SHOP002,73158,Cefakind 500,2025-03-22,3
SHOP001,73136,Telmikind 40,2025-03-23,7
SHOP002,73170,Asthalin Inhaler,2025-03-23,2
SHOP002,73172,Evion 400,2025-03-23,3
SHOP001,73146,Janumet 50/500,2025-03-23,5
SHOP001,73176,Calpol 500,2025-03-23,5
SHOP001,73157,Eldoper Caps,2025-03-24,2
SHOP001,73130,Pantop DSR,2025-03-24,10
SHOP002,73151,Celin 500,2025-03-24,2
SHOP002,73157,Eldoper Caps,2025-03-25,4
SHOP002,73175,Avil 25,2025-03-25,4
SHOP001,73147,Amlokind 5,2025-03-26,7
SHOP002,73139,Ondem 4mg,2025-03-26,4
SHOP002,73166,Ofal-OZ,2025-03-26,1
SHOP001,73175,Avil 25,2025-03-26,4
SHOP001,73147,Amlokind 5,2025-03-27,10
SHOP001,73146,Janumet 50/500,2025-03-27,5
SHOP002,73175,Avil 25,2025-03-27,3
SHOP001,73150,Shelcal 500,2025-03-28,1
SHOP002,73149,Becosules Caps,2025-03-28,2
SHOP002,73134,Ascoril LS Syrup,2025-03-28,1
SHOP002,73165,Lupisulide P,2025-03-28,4
SHOP001,73138,Moxikind CV 625,2025-03-29,4
SHOP001,73137,Electral Powder,2025-03-29,21
SHOP002,73143,Allegra 120,2025-03-29,3
SHOP001,73139,Ondem 4mg,2025-03-29,4
SHOP001,73176,Calpol 500,2025-03-29,2
SHOP001,73169,Foracort 200,2025-03-29,5
SHOP002,73166,Ofal-OZ,2025-03-29,4
SHOP002,73142,Ciplox 500,2025-03-29,4
SHOP002,73179,Itaspor 100,2025-03-30,4
SHOP002,73172,Evion 400,2025-03-30,1
SHOP002,73158,Cefakind 500,2025-03-30,2
SHOP001,73154,Gelusil MPS,2025-03-30,13
SHOP001,73135,Glycomet GP2,2025-03-31,6
SHOP001,73155,Thyronorm 50,2025-03-31,2
SHOP002,73163,Metolar XR 25,2025-03-31,6
SHOP002,73165,Lupisulide P,2025-03-31,4
SHOP002,73142,Ciplox 500,2025-03-31,4
SHOP002,73172,Evion 400,2025-03-31,3
SHOP001,73169,Foracort 200,2025-04-01,3
SHOP001,73176,Calpol 500,2025-04-01,3
SHOP002,73154,Gelusil MPS,2025-04-02,20
SHOP001,73143,Allegra 120,2025-04-02,2
SHOP002,73151,Celin 500,2025-04-02,3
SHOP001,73169,Foracort 200,2025-04-02,5
SHOP001,73152,Zocon 150,2025-04-02,2
SHOP001,73166,Ofal-OZ,2025-04-02,4
SHOP001,73172,Evion 400,2025-04-02,4
SHOP002,73149,Becosules Caps,2025-04-02,3
SHOP001,73164,Limcee 500,2025-04-02,1
SHOP001,73136,Telmikind 40,2025-04-02,8
SHOP002,73176,Calpol 500,2025-04-03,5
SHOP001,73141,Pan 40,2025-04-03,30
SHOP002,73171,Alex Cough Syrup,2025-04-04,4
SHOP001,73135,Glycomet GP2,2025-04-04,4
SHOP002,73162,Cipcal 500,2025-04-04,5
SHOP001,73160,Meftal Spas,2025-04-04,5
SHOP001,73154,Gelusil MPS,2025-04-04,24
SHOP001,73168,Rabekind D,2025-04-05,2
SHOP002,73144,Combiflam,2025-04-05,2
SHOP002,73133,Azithral 500,2025-04-05,5
SHOP001,73143,Allegra 120,2025-04-06,2
SHOP001,73162,Cipcal 500,2025-04-06,3
SHOP002,73141,Pan 40,2025-04-06,13
SHOP002,73162,Cipcal 500,2025-04-06,3
SHOP002,73170,Asthalin Inhaler,2025-04-06,3
SHOP002,73159,Taxim O 200,2025-04-06,4
SHOP001,73164,Limcee 500,2025-04-07,3
SHOP002,73131,Dolo 650,2025-04-07,3
SHOP002,73157,Eldoper Caps,2025-04-08,3
SHOP002,73178,Ovez-D,2025-04-08,5
SHOP001,73130,Pantop DSR,2025-04-08,29
SHOP001,73143,Allegra 120,2025-04-08,4
SHOP002,73147,Amlokind 5,2025-04-08,10
SHOP002,73174,Dulcoflex 5mg,2025-04-08,5
SHOP001,73132,Montair LC,2025-04-09,2
SHOP001,73172,Evion 400,2025-04-09,5
SHOP001,73160,Meftal Spas,2025-04-09,5
SHOP001,73132,Montair LC,2025-04-09,2
SHOP001,73179,Itaspor 100,2025-04-09,5
SHOP001,73163,Metolar XR 25,2025-04-09,8
SHOP001,73172,Evion 400,2025-04-10,3
SHOP002,73176,Calpol 500,2025-04-10,4
SHOP001,73139,Ondem 4mg,2025-04-10,3
SHOP002,73141,Pan 40,2025-04-10,20
SHOP002,73161,Aztor 10,2025-04-11,4
SHOP001,73177,Voveran SR 100,2025-04-11,4
SHOP002,73138,Moxikind CV 625,2025-04-11,3
SHOP002,73136,Telmikind 40,2025-04-11,8
SHOP001,73155,Thyronorm 50,2025-04-11,3
SHOP002,73139,Ondem 4mg,2025-04-12,2
SHOP002,73161,Aztor 10,2025-04-12,4
SHOP001,73164,Limcee 500,2025-04-12,5
SHOP001,73162,Cipcal 500,2025-04-13,4
SHOP001,73164,Limcee 500,2025-04-13,2
SHOP001,73132,Montair LC,2025-04-13,3
SHOP002,73148,Cyclopam,2025-04-13,5
SHOP001,73176,Calpol 500,2025-04-13,1
SHOP001,73159,Taxim O 200,2025-04-13,4
SHOP001,73130,Pantop DSR,2025-04-13,13
SHOP001,73174,Dulcoflex 5mg,2025-04-13,3
SHOP002,73144,Combiflam,2025-04-14,5
SHOP001,73133,Azithral 500,2025-04-14,3
SHOP002,73169,Foracort 200,2025-04-14,5
SHOP002,73153,Deriphyllin 150,2025-04-14,5
SHOP002,73171,Alex Cough Syrup,2025-04-14,1
SHOP001,73131,Dolo 650,2025-04-14,5
SHOP002,73152,Zocon 150,2025-04-15,1
SHOP001,73177,Voveran SR 100,2025-04-15,5
SHOP001,73154,Gelusil MPS,2025-04-15,29
SHOP002,73179,Itaspor 100,2025-04-16,5
SHOP002,73175,Avil 25,2025-04-16,1
SHOP001,73134,Ascoril LS Syrup,2025-04-16,1
SHOP002,73156,Ecosprin 75,2025-04-16,7
SHOP001,73164,Limcee 500,2025-04-17,4
SHOP002,73132,Montair LC,2025-04-18,4
SHOP002,73158,Cefakind 500,2025-04-18,5
SHOP001,73151,Celin 500,2025-04-18,2
SHOP002,73139,Ondem 4mg,2025-04-19,1
SHOP001,73165,Lupisulide P,2025-04-19,1
SHOP002,73133,Azithral 500,2025-04-19,1
SHOP002,73169,Foracort 200,2025-04-20,2
SHOP002,73168,Rabekind D,2025-04-20,1
SHOP001,73145,Benadryl Syrup,2025-04-20,1
SHOP001,73130,Pantop DSR,2025-04-20,22
SHOP001,73152,Zocon 150,2025-04-20,2
SHOP002,73161,Aztor 10,2025-04-20,10
SHOP001,73141,Pan 40,2025-04-20,27
SHOP001,73130,Pantop DSR,2025-04-21,30
SHOP001,73133,Azithral 500,2025-04-21,1
SHOP002,73132,Montair LC,2025-04-21,5
SHOP002,73179,Itaspor 100,2025-04-21,4
SHOP001,73138,Moxikind CV 625,2025-04-21,2
SHOP001,73160,Meftal Spas,2025-04-21,1
SHOP001,73135,Glycomet GP2,2025-04-22,4
SHOP001,73142,Ciplox 500,2025-04-22,2
SHOP001,73131,Dolo 650,2025-04-23,5
SHOP001,73131,Dolo 650,2025-04-23,4
SHOP001,73148,Cyclopam,2025-04-24,1
SHOP001,73146,Janumet 50/500,2025-04-24,10
SHOP002,73158,Cefakind 500,2025-04-24,4
SHOP002,73166,Ofal-OZ,2025-04-24,5
SHOP001,73145,Benadryl Syrup,2025-04-24,5
SHOP002,73173,Neurobion Forte,2025-04-24,5
SHOP001,73177,Voveran SR 100,2025-04-25,3
SHOP001,73161,Aztor 10,2025-04-25,6
SHOP002,73157,Eldoper Caps,2025-04-25,2
SHOP002,73140,Atorva 10,2025-04-26,6
SHOP001,73137,Electral Powder,2025-04-26,10
SHOP002,73132,Montair LC,2025-04-26,2
SHOP002,73164,Limcee 500,2025-04-26,4
SHOP002,73172,Evion 400,2025-04-27,4
SHOP002,73177,Voveran SR 100,2025-04-27,5
SHOP001,73137,Electral Powder,2025-04-27,15
SHOP002,73151,Celin 500,2025-04-27,4
SHOP001,73142,Ciplox 500,2025-04-27,1
SHOP001,73149,Becosules Caps,2025-04-28,1
SHOP002,73174,Dulcoflex 5mg,2025-04-28,2
SHOP002,73158,Cefakind 500,2025-04-28,2
SHOP002,73179,Itaspor 100,2025-04-28,3
SHOP001,73150,Shelcal 500,2025-04-28,4
SHOP001,73151,Celin 500,2025-04-28,1
SHOP001,73132,Montair LC,2025-04-28,5
SHOP002,73148,Cyclopam,2025-04-29,4
SHOP002,73138,Moxikind CV 625,2025-04-29,3
SHOP001,73171,Alex Cough Syrup,2025-04-29,3
SHOP001,73177,Voveran SR 100,2025-04-29,5
SHOP002,73132,Montair LC,2025-04-29,4
SHOP001,73149,Becosules Caps,2025-04-29,1
SHOP002,73169,Foracort 200,2025-04-30,3
SHOP001,73139,Ondem 4mg,2025-04-30,4
SHOP002,73132,Montair LC,2025-04-30,2
SHOP001,73131,Dolo 650,2025-04-30,4
SHOP001,73160,Meftal Spas,2025-05-01,2
SHOP001,73142,Ciplox 500,2025-05-01,1
SHOP002,73139,Ondem 4mg,2025-05-01,2
SHOP001,73154,Gelusil MPS,2025-05-01,30
SHOP001,73151,Celin 500,2025-05-01,4
SHOP002,73134,Ascoril LS Syrup,2025-05-01,4
SHOP001,73152,Zocon 150,2025-05-02,4
SHOP001,73138,Moxikind CV 625,2025-05-02,2
SHOP001,73158,Cefakind 500,2025-05-02,2
SHOP001,73136,Telmikind 40,2025-05-02,8
SHOP002,73161,Aztor 10,2025-05-02,10
SHOP001,73140,Atorva 10,2025-05-03,3
SHOP001,73175,Avil 25,2025-05-03,2
SHOP002,73132,Montair LC,2025-05-03,4
SHOP001,73177,Voveran SR 100,2025-05-04,5
SHOP002,73139,Ondem 4mg,2025-05-04,4
SHOP002,73179,Itaspor 100,2025-05-04,2
SHOP002,73161,Aztor 10,2025-05-04,7
SHOP002,73155,Thyronorm 50,2025-05-05,4
SHOP002,73171,Alex Cough Syrup,2025-05-05,5
SHOP001,73168,Rabekind D,2025-05-05,1
SHOP001,73155,Thyronorm 50,2025-05-05,4
SHOP001,73138,Moxikind CV 625,2025-05-05,2
SHOP002,73153,Deriphyllin 150,2025-05-05,5
SHOP001,73166,Ofal-OZ,2025-05-06,4
SHOP001,73158,Cefakind 500,2025-05-06,4
SHOP002,73159,Taxim O 200,2025-05-07,5
SHOP001,73132,Montair LC,2025-05-07,1
SHOP002,73137,Electral Powder,2025-05-07,12
SHOP002,73132,Montair LC,2025-05-07,3
SHOP001,73137,Electral Powder,2025-05-07,28
SHOP001,73163,Metolar XR 25,2025-05-07,10
SHOP002,73162,Cipcal 500,2025-05-08,3
SHOP002,73145,Benadryl Syrup,2025-05-08,4
SHOP002,73156,Ecosprin 75,2025-05-08,10
SHOP002,73135,Glycomet GP2,2025-05-08,7
SHOP002,73140,Atorva 10,2025-05-08,3
SHOP001,73134,Ascoril LS Syrup,2025-05-09,5
SHOP001,73130,Pantop DSR,2025-05-09,11
SHOP001,73145,Benadryl Syrup,2025-05-10,2
SHOP001,73170,Asthalin Inhaler,2025-05-10,5
SHOP002,73175,Avil 25,2025-05-11,4
SHOP002,73130,Pantop DSR,2025-05-11,30
SHOP001,73155,Thyronorm 50,2025-05-11,1
SHOP002,73135,Glycomet GP2,2025-05-11,10
SHOP001,73176,Calpol 500,2025-05-11,1
SHOP002,73178,Ovez-D,2025-05-11,4
SHOP001,73158,Cefakind 500,2025-05-11,1
SHOP001,73138,Moxikind CV 625,2025-05-12,3
SHOP001,73151,Celin 500,2025-05-12,1
SHOP001,73163,Metolar XR 25,2025-05-12,10
SHOP001,73174,Dulcoflex 5mg,2025-05-13,2
SHOP002,73163,Metolar XR 25,2025-05-13,10
SHOP002,73132,Montair LC,2025-05-13,5
SHOP001,73134,Ascoril LS Syrup,2025-05-13,3
SHOP001,73153,Deriphyllin 150,2025-05-14,4
SHOP002,73150,Shelcal 500,2025-05-14,4
SHOP002,73175,Avil 25,2025-05-14,2
SHOP001,73155,Thyronorm 50,2025-05-14,3
SHOP002,73143,Allegra 120,2025-05-14,4
SHOP002,73161,Aztor 10,2025-05-14,9
SHOP002,73139,Ondem 4mg,2025-05-15,2
SHOP002,73132,Montair LC,2025-05-15,5
SHOP001,73131,Dolo 650,2025-05-15,1
SHOP002,73176,Calpol 500,2025-05-15,4
SHOP001,73179,Itaspor 100,2025-05-16,1
SHOP002,73137,Electral Powder,2025-05-17,25
SHOP001,73133,Azithral 500,2025-05-17,3
SHOP002,73172,Evion 400,2025-05-17,5
SHOP002,73133,Azithral 500,2025-05-17,4
SHOP001,73142,Ciplox 500,2025-05-17,3
SHOP001,73170,Asthalin Inhaler,2025-05-17,5
SHOP002,73156,Ecosprin 75,2025-05-17,3
SHOP001,73134,Ascoril LS Syrup,2025-05-18,1
SHOP002,73150,Shelcal 500,2025-05-18,1
SHOP002,73177,Voveran SR 100,2025-05-18,4
SHOP001,73166,Ofal-OZ,2025-05-18,2
SHOP001,73161,Aztor 10,2025-05-18,4
SHOP002,73161,Aztor 10,2025-05-18,7
SHOP002,73165,Lupisulide P,2025-05-19,2
SHOP002,73133,Azithral 500,2025-05-19,3
SHOP001,73167,Zerodol SP,2025-05-19,5
SHOP001,73154,Gelusil MPS,2025-05-20,24
SHOP002,73161,Aztor 10,2025-05-20,4
SHOP001,73138,Moxikind CV 625,2025-05-20,4
SHOP001,73173,Neurobion Forte,2025-05-20,2
SHOP001,73155,Thyronorm 50,2025-05-20,2
SHOP002,73164,Limcee 500,2025-05-20,3
SHOP002,73135,Glycomet GP2,2025-05-20,6
SHOP001,73151,Celin 500,2025-05-21,4
SHOP002,73136,Telmikind 40,2025-05-21,4
SHOP002,73171,Alex Cough Syrup,2025-05-21,1
SHOP002,73135,Glycomet GP2,2025-05-22,4
SHOP002,73145,Benadryl Syrup,2025-05-22,5
SHOP001,73168,Rabekind D,2025-05-23,1
SHOP002,73168,Rabekind D,2025-05-23,5
SHOP002,73147,Amlokind 5,2025-05-24,5
SHOP001,73130,Pantop DSR,2025-05-24,15
SHOP001,73145,Benadryl Syrup,2025-05-25,1
SHOP001,73133,Azithral 500,2025-05-25,3
SHOP002,73171,Alex Cough Syrup,2025-05-25,1
SHOP001,73149,Becosules Caps,2025-05-26,2
SHOP001,73144,Combiflam,2025-05-26,1
SHOP002,73164,Limcee 500,2025-05-26,2
SHOP002,73158,Cefakind 500,2025-05-26,2
SHOP001,73172,Evion 400,2025-05-26,4
SHOP001,73141,Pan 40,2025-05-26,27
SHOP001,73147,Amlokind 5,2025-05-26,4
SHOP001,73163,Metolar XR 25,2025-05-27,3
SHOP002,73177,Voveran SR 100,2025-05-27,2
SHOP001,73134,Ascoril LS Syrup,2025-05-27,3
SHOP001,73156,Ecosprin 75,2025-05-27,7
SHOP001,73163,Metolar XR 25,2025-05-27,6
SHOP002,73134,Ascoril LS Syrup,2025-05-27,4
SHOP002,73173,Neurobion Forte,2025-05-28,3
SHOP002,73145,Benadryl Syrup,2025-05-28,2
SHOP002,73172,Evion 400,2025-05-28,4
SHOP001,73169,Foracort 200,2025-05-29,4
SHOP002,73150,Shelcal 500,2025-05-29,2
SHOP002,73172,Evion 400,2025-05-29,3
SHOP001,73172,Evion 400,2025-05-29,1
SHOP001,73178,Ovez-D,2025-05-30,3
SHOP002,73132,Montair LC,2025-05-30,3
SHOP002,73159,Taxim O 200,2025-05-30,2
SHOP001,73163,Metolar XR 25,2025-05-30,5
SHOP001,73147,Amlokind 5,2025-05-30,4
SHOP002,73136,Telmikind 40,2025-05-31,7
SHOP001,73136,Telmikind 40,2025-05-31,8
SHOP002,73173,Neurobion Forte,2025-05-31,2
SHOP001,73158,Cefakind 500,2025-05-31,5
SHOP001,73147,Amlokind 5,2025-06-01,5
SHOP001,73178,Ovez-D,2025-06-01,1
SHOP002,73157,Eldoper Caps,2025-06-01,1
SHOP002,73170,Asthalin Inhaler,2025-06-01,4
SHOP002,73130,Pantop DSR,2025-06-01,30
SHOP002,73150,Shelcal 500,2025-06-01,1
SHOP002,73138,Moxikind CV 625,2025-06-01,3
SHOP001,73132,Montair LC,2025-06-01,5
SHOP001,73130,Pantop DSR,2025-06-02,24
SHOP001,73137,Electral Powder,2025-06-02,20
SHOP002,73144,Combiflam,2025-06-02,2
SHOP002,73161,Aztor 10,2025-06-02,5
SHOP001,73153,Deriphyllin 150,2025-06-02,5
SHOP001,73134,Ascoril LS Syrup,2025-06-02,1
SHOP002,73145,Benadryl Syrup,2025-06-02,1
SHOP001,73179,Itaspor 100,2025-06-02,5
SHOP001,73173,Neurobion Forte,2025-06-02,3
SHOP001,73166,Ofal-OZ,2025-06-03,5
SHOP001,73133,Azithral 500,2025-06-03,5
SHOP001,73150,Shelcal 500,2025-06-03,5
SHOP001,73166,Ofal-OZ,2025-06-05,3
SHOP002,73144,Combiflam,2025-06-05,2
SHOP001,73153,Deriphyllin 150,2025-06-06,3
SHOP002,73169,Foracort 200,2025-06-06,5
SHOP001,73163,Metolar XR 25,2025-06-06,6
SHOP001,73169,Foracort 200,2025-06-06,5
SHOP001,73145,Benadryl Syrup,2025-06-06,3
SHOP002,73141,Pan 40,2025-06-06,28
SHOP001,73173,Neurobion Forte,2025-06-06,4
SHOP002,73150,Shelcal 500,2025-06-07,3
SHOP002,73151,Celin 500,2025-06-07,2
SHOP002,73156,Ecosprin 75,2025-06-07,3
SHOP002,73172,Evion 400,2025-06-07,2
SHOP001,73145,Benadryl Syrup,2025-06-07,1
SHOP001,73160,Meftal Spas,2025-06-08,3
SHOP001,73148,Cyclopam,2025-06-08,1
SHOP001,73142,Ciplox 500,2025-06-08,5
SHOP002,73179,Itaspor 100,2025-06-08,1
SHOP002,73171,Alex Cough Syrup,2025-06-08,5
SHOP002,73142,Ciplox 500,2025-06-08,1
SHOP001,73137,Electral Powder,2025-06-09,15
SHOP001,73139,Ondem 4mg,2025-06-09,4
SHOP001,73137,Electral Powder,2025-06-09,29
SHOP002,73148,Cyclopam,2025-06-09,5
SHOP001,73141,Pan 40,2025-06-10,10
SHOP001,73156,Ecosprin 75,2025-06-10,10
SHOP001,73155,Thyronorm 50,2025-06-10,3
SHOP001,73158,Cefakind 500,2025-06-11,3
SHOP002,73164,Limcee 500,2025-06-11,3
SHOP002,73149,Becosules Caps,2025-06-11,3
SHOP001,73162,Cipcal 500,2025-06-11,1
SHOP001,73139,Ondem 4mg,2025-06-11,3
SHOP001,73149,Becosules Caps,2025-06-12,5
SHOP002,73144,Combiflam,2025-06-12,1
SHOP002,73167,Zerodol SP,2025-06-12,2
SHOP002,73158,Cefakind 500,2025-06-12,3
SHOP002,73173,Neurobion Forte,2025-06-13,5
SHOP001,73156,Ecosprin 75,2025-06-13,10
SHOP001,73167,Zerodol SP,2025-06-13,1
SHOP002,73156,Ecosprin 75,2025-06-14,7
SHOP002,73152,Zocon 150,2025-06-14,5
SHOP001,73160,Meftal Spas,2025-06-14,3
SHOP002,73158,Cefakind 500,2025-06-14,2
SHOP001,73149,Becosules Caps,2025-06-14,1
SHOP002,73154,Gelusil MPS,2025-06-14,15
SHOP001,73165,Lupisulide P,2025-06-15,3
SHOP001,73152,Zocon 150,2025-06-15,4
SHOP002,73165,Lupisulide P,2025-06-15,4
SHOP001,73137,Electral Powder,2025-06-15,28
SHOP002,73166,Ofal-OZ,2025-06-15,5
SHOP001,73168,Rabekind D,2025-06-15,3
SHOP002,73144,Combiflam,2025-06-15,3
SHOP002,73134,Ascoril LS Syrup,2025-06-16,1
SHOP002,73161,Aztor 10,2025-06-16,4
SHOP001,73144,Combiflam,2025-06-16,2
SHOP002,73154,Gelusil MPS,2025-06-17,16
SHOP002,73154,Gelusil MPS,2025-06-17,28
SHOP001,73143,Allegra 120,2025-06-17,3
SHOP002,73139,Ondem 4mg,2025-06-17,3
SHOP002,73131,Dolo 650,2025-06-18,2
SHOP001,73163,Metolar XR 25,2025-06-18,5
SHOP002,73141,Pan 40,2025-06-19,11
SHOP002,73168,Rabekind D,2025-06-19,5
SHOP001,73158,Cefakind 500,2025-06-19,2
SHOP002,73161,Aztor 10,2025-06-20,8
SHOP001,73138,Moxikind CV 625,2025-06-20,1
SHOP002,73138,Moxikind CV 625,2025-06-20,3
SHOP002,73152,Zocon 150,2025-06-20,4
SHOP001,73151,Celin 500,2025-06-20,4
SHOP001,73166,Ofal-OZ,2025-06-20,4
SHOP002,73143,Allegra 120,2025-06-20,3
SHOP001,73174,Dulcoflex 5mg,2025-06-21,5
SHOP001,73156,Ecosprin 75,2025-06-21,4
SHOP001,73175,Avil 25,2025-06-21,3
SHOP002,73147,Amlokind 5,2025-06-21,7
SHOP001,73132,Montair LC,2025-06-21,3
SHOP001,73142,Ciplox 500,2025-06-21,2
SHOP002,73167,Zerodol SP,2025-06-21,1
SHOP002,73165,Lupisulide P,2025-06-22,2
SHOP002,73140,Atorva 10,2025-06-22,10
SHOP002,73175,Avil 25,2025-06-22,3
SHOP001,73136,Telmikind 40,2025-06-22,10
SHOP002,73137,Electral Powder,2025-06-22,29
SHOP002,73166,Ofal-OZ,2025-06-22,4
SHOP001,73141,Pan 40,2025-06-22,19
SHOP001,73148,Cyclopam,2025-06-23,5
SHOP001,73135,Glycomet GP2,2025-06-24,9
SHOP002,73152,Zocon 150,2025-06-24,4
SHOP001,73136,Telmikind 40,2025-06-24,3
SHOP001,73160,Meftal Spas,2025-06-24,4
SHOP001,73135,Glycomet GP2,2025-06-24,10
SHOP001,73136,Telmikind 40,2025-06-24,10
SHOP001,73161,Aztor 10,2025-06-25,8
SHOP002,73143,Allegra 120,2025-06-26,2
SHOP002,73169,Foracort 200,2025-06-26,5
SHOP002,73179,Itaspor 100,2025-06-26,1
SHOP002,73165,Lupisulide P,2025-06-27,4
SHOP001,73155,Thyronorm 50,2025-06-27,3
SHOP001,73178,Ovez-D,2025-06-27,1
SHOP001,73173,Neurobion Forte,2025-06-27,3
SHOP002,73150,Shelcal 500,2025-06-27,5
SHOP001,73136,Telmikind 40,2025-06-27,8
SHOP002,73136,Telmikind 40,2025-06-28,9
SHOP002,73162,Cipcal 500,2025-06-28,2
SHOP001,73154,Gelusil MPS,2025-06-29,30
SHOP001,73147,Amlokind 5,2025-06-29,6
SHOP002,73141,Pan 40,2025-06-29,20
SHOP001,73147,Amlokind 5,2025-06-29,9
SHOP001,73138,Moxikind CV 625,2025-06-29,5
SHOP002,73145,Benadryl Syrup,2025-06-29,2
SHOP001,73165,Lupisulide P,2025-06-29,2
SHOP002,73149,Becosules Caps,2025-06-29,3
SHOP001,73167,Zerodol SP,2025-06-30,3
SHOP002,73157,Eldoper Caps,2025-06-30,3
SHOP001,73176,Calpol 500,2025-06-30,4
SHOP001,73166,Ofal-OZ,2025-06-30,4
SHOP002,73159,Taxim O 200,2025-07-01,5
SHOP002,73167,Zerodol SP,2025-07-01,5
SHOP001,73164,Limcee 500,2025-07-01,4
SHOP002,73175,Avil 25,2025-07-01,2
SHOP002,73150,Shelcal 500,2025-07-01,3
SHOP002,73173,Neurobion Forte,2025-07-01,5
SHOP001,73137,Electral Powder,2025-07-02,3
SHOP001,73179,Itaspor 100,2025-07-02,4
SHOP002,73153,Deriphyllin 150,2025-07-02,2
SHOP001,73175,Avil 25,2025-07-02,1
SHOP001,73142,Ciplox 500,2025-07-02,1
SHOP002,73132,Montair LC,2025-07-02,1
SHOP002,73175,Avil 25,2025-07-02,1
SHOP002,73165,Lupisulide P,2025-07-02,1
SHOP002,73136,Telmikind 40,2025-07-02,9
SHOP001,73137,Electral Powder,2025-07-03,5
SHOP002,73165,Lupisulide P,2025-07-03,5
SHOP002,73144,Combiflam,2025-07-03,3
SHOP001,73136,Telmikind 40,2025-07-03,5
SHOP002,73175,Avil 25,2025-07-03,3
SHOP001,73155,Thyronorm 50,2025-07-03,1
SHOP001,73177,Voveran SR 100,2025-07-03,4
SHOP002,73168,Rabekind D,2025-07-03,3
SHOP001,73173,Neurobion Forte,2025-07-03,4
SHOP002,73150,Shelcal 500,2025-07-04,1
SHOP001,73176,Calpol 500,2025-07-04,12
SHOP001,73175,Avil 25,2025-07-04,3
SHOP002,73131,Dolo 650,2025-07-04,11
SHOP001,73170,Asthalin Inhaler,2025-07-04,5
SHOP002,73138,Moxikind CV 625,2025-07-04,3
SHOP001,73165,Lupisulide P,2025-07-04,4
SHOP001,73176,Calpol 500,2025-07-05,7
SHOP002,73154,Gelusil MPS,2025-07-05,4
SHOP002,73177,Voveran SR 100,2025-07-05,5
SHOP002,73152,Zocon 150,2025-07-06,3
SHOP002,73154,Gelusil MPS,2025-07-06,5
SHOP001,73148,Cyclopam,2025-07-06,1
SHOP002,73179,Itaspor 100,2025-07-07,1
SHOP002,73159,Taxim O 200,2025-07-07,2
SHOP001,73146,Janumet 50/500,2025-07-07,10
SHOP001,73161,Aztor 10,2025-07-07,6
SHOP002,73152,Zocon 150,2025-07-07,4
SHOP001,73155,Thyronorm 50,2025-07-07,4
SHOP001,73146,Janumet 50/500,2025-07-08,4
SHOP002,73145,Benadryl Syrup,2025-07-08,2
SHOP001,73164,Limcee 500,2025-07-08,3
SHOP001,73163,Metolar XR 25,2025-07-08,4
SHOP001,73143,Allegra 120,2025-07-09,4
SHOP002,73177,Voveran SR 100,2025-07-09,3
SHOP001,73177,Voveran SR 100,2025-07-09,5
SHOP002,73173,Neurobion Forte,2025-07-09,1
SHOP001,73160,Meftal Spas,2025-07-09,3
SHOP001,73168,Rabekind D,2025-07-10,1
SHOP002,73145,Benadryl Syrup,2025-07-10,1
SHOP002,73163,Metolar XR 25,2025-07-10,4
SHOP001,73162,Cipcal 500,2025-07-10,4
SHOP001,73163,Metolar XR 25,2025-07-11,4
SHOP002,73143,Allegra 120,2025-07-11,4
SHOP002,73158,Cefakind 500,2025-07-11,5
SHOP001,73177,Voveran SR 100,2025-07-11,5
SHOP002,73158,Cefakind 500,2025-07-11,5
SHOP002,73131,Dolo 650,2025-07-12,7
SHOP002,73168,Rabekind D,2025-07-12,4
SHOP001,73155,Thyronorm 50,2025-07-12,2
SHOP002,73136,Telmikind 40,2025-07-12,10
SHOP001,73139,Ondem 4mg,2025-07-12,19
SHOP002,73136,Telmikind 40,2025-07-12,6
SHOP001,73170,Asthalin Inhaler,2025-07-12,1
SHOP002,73174,Dulcoflex 5mg,2025-07-12,5
SHOP001,73147,Amlokind 5,2025-07-12,5
SHOP002,73153,Deriphyllin 150,2025-07-12,4
SHOP001,73160,Meftal Spas,2025-07-13,3
SHOP001,73166,Ofal-OZ,2025-07-13,13
SHOP001,73159,Taxim O 200,2025-07-14,1
SHOP001,73177,Voveran SR 100,2025-07-14,4
SHOP001,73136,Telmikind 40,2025-07-14,8
SHOP001,73164,Limcee 500,2025-07-14,3
SHOP001,73132,Montair LC,2025-07-14,2
SHOP001,73178,Ovez-D,2025-07-15,5
SHOP002,73148,Cyclopam,2025-07-15,4
SHOP001,73175,Avil 25,2025-07-15,4
SHOP002,73165,Lupisulide P,2025-07-16,3
SHOP001,73169,Foracort 200,2025-07-16,3
SHOP002,73174,Dulcoflex 5mg,2025-07-16,3
SHOP002,73162,Cipcal 500,2025-07-17,1
SHOP002,73166,Ofal-OZ,2025-07-17,25
SHOP002,73130,Pantop DSR,2025-07-17,2
SHOP002,73137,Electral Powder,2025-07-17,5
SHOP002,73170,Asthalin Inhaler,2025-07-18,1
SHOP001,73137,Electral Powder,2025-07-18,1
SHOP002,73173,Neurobion Forte,2025-07-18,5
SHOP001,73163,Metolar XR 25,2025-07-19,3
SHOP002,73178,Ovez-D,2025-07-19,4
SHOP002,73161,Aztor 10,2025-07-19,6
SHOP002,73136,Telmikind 40,2025-07-19,8
SHOP001,73179,Itaspor 100,2025-07-19,3
SHOP002,73132,Montair LC,2025-07-19,1
SHOP002,73144,Combiflam,2025-07-20,4
SHOP002,73136,Telmikind 40,2025-07-20,7
SHOP001,73135,Glycomet GP2,2025-07-20,10
SHOP001,73170,Asthalin Inhaler,2025-07-20,2
SHOP001,73145,Benadryl Syrup,2025-07-20,1
SHOP002,73167,Zerodol SP,2025-07-21,1
SHOP001,73151,Celin 500,2025-07-21,3
SHOP002,73167,Zerodol SP,2025-07-22,4
SHOP002,73135,Glycomet GP2,2025-07-22,8
SHOP001,73178,Ovez-D,2025-07-22,4
SHOP001,73154,Gelusil MPS,2025-07-23,3
SHOP001,73148,Cyclopam,2025-07-23,2
SHOP001,73176,Calpol 500,2025-07-23,25
SHOP001,73179,Itaspor 100,2025-07-23,3
SHOP002,73162,Cipcal 500,2025-07-23,1
SHOP002,73133,Azithral 500,2025-07-23,9
SHOP002,73152,Zocon 150,2025-07-24,3
SHOP002,73144,Combiflam,2025-07-24,1
SHOP001,73131,Dolo 650,2025-07-24,6
SHOP001,73152,Zocon 150,2025-07-24,5
SHOP002,73130,Pantop DSR,2025-07-24,3
SHOP002,73178,Ovez-D,2025-07-24,2
SHOP002,73138,Moxikind CV 625,2025-07-24,4
SHOP001,73131,Dolo 650,2025-07-24,11
SHOP001,73138,Moxikind CV 625,2025-07-24,1
SHOP001,73170,Asthalin Inhaler,2025-07-24,5
SHOP002,73151,Celin 500,2025-07-24,1
SHOP002,73159,Taxim O 200,2025-07-25,2
SHOP001,73145,Benadryl Syrup,2025-07-25,1
SHOP002,73133,Azithral 500,2025-07-25,6
SHOP001,73177,Voveran SR 100,2025-07-25,1
SHOP002,73137,Electral Powder,2025-07-25,2
SHOP001,73132,Montair LC,2025-07-26,2
SHOP001,73153,Deriphyllin 150,2025-07-26,2
SHOP001,73147,Amlokind 5,2025-07-26,3
SHOP002,73145,Benadryl Syrup,2025-07-27,4
SHOP001,73165,Lupisulide P,2025-07-27,1
SHOP002,73144,Combiflam,2025-07-27,3
SHOP001,73169,Foracort 200,2025-07-27,3
SHOP002,73147,Amlokind 5,2025-07-28,5
SHOP002,73162,Cipcal 500,2025-07-28,5
SHOP001,73152,Zocon 150,2025-07-28,4
SHOP002,73170,Asthalin Inhaler,2025-07-28,3
SHOP002,73141,Pan 40,2025-07-28,2
SHOP002,73168,Rabekind D,2025-07-28,2
SHOP002,73150,Shelcal 500,2025-07-28,4
SHOP001,73141,Pan 40,2025-07-29,4
SHOP001,73135,Glycomet GP2,2025-07-29,6
SHOP001,73160,Meftal Spas,2025-07-29,1
SHOP002,73178,Ovez-D,2025-07-30,1
SHOP001,73149,Becosules Caps,2025-07-30,4
SHOP001,73172,Evion 400,2025-07-30,3
SHOP001,73148,Cyclopam,2025-07-30,5
SHOP002,73156,Ecosprin 75,2025-07-30,4
SHOP001,73141,Pan 40,2025-07-30,3
SHOP002,73171,Alex Cough Syrup,2025-07-31,4
SHOP001,73170,Asthalin Inhaler,2025-07-31,3
SHOP002,73151,Celin 500,2025-07-31,3
SHOP002,73152,Zocon 150,2025-07-31,4
SHOP001,73133,Azithral 500,2025-07-31,17
SHOP001,73141,Pan 40,2025-08-01,5
SHOP002,73174,Dulcoflex 5mg,2025-08-01,1
SHOP001,73144,Combiflam,2025-08-01,3
SHOP002,73157,Eldoper Caps,2025-08-01,1
SHOP002,73157,Eldoper Caps,2025-08-02,5
SHOP001,73150,Shelcal 500,2025-08-03,3
SHOP001,73135,Glycomet GP2,2025-08-03,4
SHOP001,73173,Neurobion Forte,2025-08-03,5
SHOP002,73144,Combiflam,2025-08-03,5
SHOP001,73177,Voveran SR 100,2025-08-03,2
SHOP002,73146,Janumet 50/500,2025-08-03,10
SHOP001,73142,Ciplox 500,2025-08-03,4
SHOP001,73136,Telmikind 40,2025-08-03,4
SHOP002,73174,Dulcoflex 5mg,2025-08-03,1
SHOP002,73135,Glycomet GP2,2025-08-04,5
SHOP002,73143,Allegra 120,2025-08-04,3
SHOP001,73173,Neurobion Forte,2025-08-04,4
SHOP001,73175,Avil 25,2025-08-05,3
SHOP002,73147,Amlokind 5,2025-08-05,7
SHOP001,73160,Meftal Spas,2025-08-05,2
SHOP002,73172,Evion 400,2025-08-05,1
SHOP002,73147,Amlokind 5,2025-08-05,4
SHOP002,73171,Alex Cough Syrup,2025-08-05,5
SHOP002,73177,Voveran SR 100,2025-08-05,4
SHOP002,73169,Foracort 200,2025-08-05,1
SHOP002,73173,Neurobion Forte,2025-08-05,5
SHOP001,73164,Limcee 500,2025-08-05,5
SHOP001,73141,Pan 40,2025-08-05,2
SHOP002,73160,Meftal Spas,2025-08-06,3
SHOP001,73155,Thyronorm 50,2025-08-06,5
SHOP001,73136,Telmikind 40,2025-08-06,7
SHOP001,73133,Azithral 500,2025-08-06,13
SHOP001,73163,Metolar XR 25,2025-08-06,5
SHOP001,73172,Evion 400,2025-08-06,4
SHOP002,73137,Electral Powder,2025-08-06,3
SHOP001,73143,Allegra 120,2025-08-07,1
SHOP001,73162,Cipcal 500,2025-08-07,5
SHOP001,73156,Ecosprin 75,2025-08-07,10
SHOP001,73156,Ecosprin 75,2025-08-08,8
SHOP001,73156,Ecosprin 75,2025-08-08,8
SHOP002,73174,Dulcoflex 5mg,2025-08-08,4
SHOP001,73177,Voveran SR 100,2025-08-09,4
SHOP002,73139,Ondem 4mg,2025-08-09,13
SHOP002,73156,Ecosprin 75,2025-08-09,8
SHOP002,73153,Deriphyllin 150,2025-08-09,2
SHOP002,73159,Taxim O 200,2025-08-10,3
SHOP002,73168,Rabekind D,2025-08-10,4
SHOP002,73137,Electral Powder,2025-08-10,2
SHOP001,73138,Moxikind CV 625,2025-08-11,5
SHOP001,73167,Zerodol SP,2025-08-11,1
SHOP002,73158,Cefakind 500,2025-08-11,2
SHOP002,73167,Zerodol SP,2025-08-11,1
SHOP001,73136,Telmikind 40,2025-08-11,4
SHOP001,73152,Zocon 150,2025-08-12,3
SHOP001,73158,Cefakind 500,2025-08-12,3
SHOP002,73165,Lupisulide P,2025-08-12,1
SHOP002,73157,Eldoper Caps,2025-08-12,4
SHOP002,73176,Calpol 500,2025-08-13,16
SHOP002,73141,Pan 40,2025-08-13,3
SHOP002,73141,Pan 40,2025-08-13,5
SHOP001,73170,Asthalin Inhaler,2025-08-13,2
SHOP001,73152,Zocon 150,2025-08-14,4
SHOP002,73161,Aztor 10,2025-08-14,5
SHOP001,73172,Evion 400,2025-08-14,3
SHOP001,73150,Shelcal 500,2025-08-14,4
SHOP001,73172,Evion 400,2025-08-14,2
SHOP002,73168,Rabekind D,2025-08-14,2
SHOP001,73161,Aztor 10,2025-08-15,3
SHOP001,73130,Pantop DSR,2025-08-15,2
SHOP001,73133,Azithral 500,2025-08-15,20
SHOP001,73161,Aztor 10,2025-08-15,8
SHOP001,73176,Calpol 500,2025-08-15,15
SHOP002,73135,Glycomet GP2,2025-08-16,3
SHOP002,73142,Ciplox 500,2025-08-16,5
SHOP002,73152,Zocon 150,2025-08-16,1
SHOP001,73166,Ofal-OZ,2025-08-16,19
SHOP002,73152,Zocon 150,2025-08-17,3
SHOP002,73147,Amlokind 5,2025-08-18,7
SHOP001,73131,Dolo 650,2025-08-18,25
SHOP001,73143,Allegra 120,2025-08-18,1
SHOP001,73177,Voveran SR 100,2025-08-18,2
SHOP001,73152,Zocon 150,2025-08-18,5
SHOP001,73147,Amlokind 5,2025-08-18,10
SHOP001,73177,Voveran SR 100,2025-08-19,2
SHOP001,73179,Itaspor 100,2025-08-19,2
SHOP001,73167,Zerodol SP,2025-08-19,5
SHOP001,73175,Avil 25,2025-08-20,5
SHOP002,73148,Cyclopam,2025-08-20,4
SHOP002,73166,Ofal-OZ,2025-08-20,10
SHOP001,73159,Taxim O 200,2025-08-20,4
SHOP002,73134,Ascoril LS Syrup,2025-08-20,2
SHOP002,73155,Thyronorm 50,2025-08-20,3
SHOP001,73146,Janumet 50/500,2025-08-20,4
SHOP002,73154,Gelusil MPS,2025-08-21,2
SHOP001,73154,Gelusil MPS,2025-08-21,5
SHOP002,73141,Pan 40,2025-08-21,3
SHOP001,73132,Montair LC,2025-08-22,1
SHOP002,73165,Lupisulide P,2025-08-22,4
SHOP001,73131,Dolo 650,2025-08-22,18
SHOP001,73132,Montair LC,2025-08-23,3
SHOP001,73159,Taxim O 200,2025-08-23,2
SHOP002,73134,Ascoril LS Syrup,2025-08-24,4
SHOP001,73159,Taxim O 200,2025-08-24,3
SHOP002,73135,Glycomet GP2,2025-08-24,9
SHOP002,73169,Foracort 200,2025-08-24,2
SHOP001,73150,Shelcal 500,2025-08-24,2
SHOP001,73162,Cipcal 500,2025-08-24,3
SHOP001,73152,Zocon 150,2025-08-25,1
SHOP002,73142,Ciplox 500,2025-08-25,2
SHOP002,73174,Dulcoflex 5mg,2025-08-25,2
SHOP002,73170,Asthalin Inhaler,2025-08-26,3
SHOP002,73156,Ecosprin 75,2025-08-26,8
SHOP001,73172,Evion 400,2025-08-26,1
SHOP001,73136,Telmikind 40,2025-08-26,8
SHOP001,73146,Janumet 50/500,2025-08-26,6
SHOP002,73165,Lupisulide P,2025-08-27,3
SHOP001,73159,Taxim O 200,2025-08-27,4
SHOP001,73144,Combiflam,2025-08-27,1
SHOP001,73136,Telmikind 40,2025-08-27,6
SHOP001,73146,Janumet 50/500,2025-08-27,7
SHOP001,73173,Neurobion Forte,2025-08-28,3
SHOP002,73155,Thyronorm 50,2025-08-28,5
SHOP002,73173,Neurobion Forte,2025-08-28,4
SHOP001,73149,Becosules Caps,2025-08-28,4
SHOP001,73142,Ciplox 500,2025-08-28,2
SHOP001,73147,Amlokind 5,2025-08-28,4
SHOP002,73171,Alex Cough Syrup,2025-08-28,1
SHOP001,73148,Cyclopam,2025-08-29,5
SHOP002,73144,Combiflam,2025-08-29,1
SHOP002,73130,Pantop DSR,2025-08-29,2
SHOP002,73174,Dulcoflex 5mg,2025-08-29,5
SHOP001,73154,Gelusil MPS,2025-08-29,4
SHOP002,73137,Electral Powder,2025-08-29,5
SHOP001,73157,Eldoper Caps,2025-08-30,4
SHOP002,73150,Shelcal 500,2025-08-30,1
SHOP002,73141,Pan 40,2025-08-30,5
SHOP002,73133,Azithral 500,2025-08-30,18
SHOP001,73137,Electral Powder,2025-08-30,5
SHOP001,73139,Ondem 4mg,2025-08-30,12
SHOP002,73143,Allegra 120,2025-08-30,2
SHOP001,73148,Cyclopam,2025-08-31,1
SHOP001,73177,Voveran SR 100,2025-08-31,5
SHOP001,73141,Pan 40,2025-08-31,4
SHOP001,73179,Itaspor 100,2025-08-31,5
SHOP002,73160,Meftal Spas,2025-08-31,5
SHOP002,73156,Ecosprin 75,2025-08-31,8
SHOP002,73146,Janumet 50/500,2025-08-31,9
SHOP002,73161,Aztor 10,2025-09-01,5
SHOP002,73176,Calpol 500,2025-09-01,12
SHOP002,73137,Electral Powder,2025-09-01,1
SHOP001,73167,Zerodol SP,2025-09-01,4
SHOP002,73131,Dolo 650,2025-09-01,14
SHOP001,73177,Voveran SR 100,2025-09-01,4
SHOP002,73176,Calpol 500,2025-09-02,23
SHOP002,73137,Electral Powder,2025-09-02,2
SHOP002,73155,Thyronorm 50,2025-09-02,2
SHOP001,73160,Meftal Spas,2025-09-02,1
SHOP001,73165,Lupisulide P,2025-09-02,2
SHOP002,73170,Asthalin Inhaler,2025-09-02,5
SHOP001,73169,Foracort 200,2025-09-02,5
SHOP002,73177,Voveran SR 100,2025-09-02,3
SHOP001,73131,Dolo 650,2025-09-02,15
SHOP001,73150,Shelcal 500,2025-09-02,1
SHOP002,73153,Deriphyllin 150,2025-09-03,2
SHOP001,73147,Amlokind 5,2025-09-03,7
SHOP001,73145,Benadryl Syrup,2025-09-03,5
SHOP001,73149,Becosules Caps,2025-09-03,5
SHOP002,73165,Lupisulide P,2025-09-03,4
SHOP001,73177,Voveran SR 100,2025-09-04,3
SHOP002,73135,Glycomet GP2,2025-09-04,3
SHOP002,73167,Zerodol SP,2025-09-04,2
SHOP001,73169,Foracort 200,2025-09-04,5
SHOP001,73134,Ascoril LS Syrup,2025-09-04,1
SHOP002,73172,Evion 400,2025-09-05,2
SHOP002,73143,Allegra 120,2025-09-05,2
SHOP002,73161,Aztor 10,2025-09-05,10
SHOP002,73153,Deriphyllin 150,2025-09-06,5
SHOP002,73138,Moxikind CV 625,2025-09-06,5
SHOP001,73155,Thyronorm 50,2025-09-06,2
SHOP001,73173,Neurobion Forte,2025-09-07,3
SHOP001,73149,Becosules Caps,2025-09-07,1
SHOP002,73167,Zerodol SP,2025-09-07,4
SHOP001,73133,Azithral 500,2025-09-07,17
SHOP001,73160,Meftal Spas,2025-09-08,3
SHOP001,73139,Ondem 4mg,2025-09-08,15
SHOP001,73137,Electral Powder,2025-09-08,2
SHOP001,73137,Electral Powder,2025-09-08,3
SHOP002,73141,Pan 40,2025-09-08,5
SHOP001,73145,Benadryl Syrup,2025-09-08,3
SHOP001,73138,Moxikind CV 625,2025-09-08,1
SHOP001,73130,Pantop DSR,2025-09-09,4
SHOP002,73171,Alex Cough Syrup,2025-09-09,4
SHOP002,73170,Asthalin Inhaler,2025-09-09,1
SHOP002,73179,Itaspor 100,2025-09-09,3
SHOP002,73159,Taxim O 200,2025-09-09,4
SHOP002,73165,Lupisulide P,2025-09-09,4
SHOP002,73168,Rabekind D,2025-09-10,5
SHOP001,73160,Meftal Spas,2025-09-10,1
SHOP002,73133,Azithral 500,2025-09-10,7
SHOP001,73149,Becosules Caps,2025-09-10,5
SHOP001,73169,Foracort 200,2025-09-10,1
SHOP001,73175,Avil 25,2025-09-10,4
SHOP001,73147,Amlokind 5,2025-09-11,4
SHOP002,73157,Eldoper Caps,2025-09-11,5
SHOP002,73132,Montair LC,2025-09-11,4
SHOP002,73158,Cefakind 500,2025-09-11,2
SHOP002,73179,Itaspor 100,2025-09-11,5
SHOP001,73131,Dolo 650,2025-09-11,10
SHOP001,73161,Aztor 10,2025-09-12,8
SHOP002,73148,Cyclopam,2025-09-12,5
SHOP002,73135,Glycomet GP2,2025-09-12,8
SHOP002,73148,Cyclopam,2025-09-12,5
SHOP001,73146,Janumet 50/500,2025-09-12,6
SHOP001,73174,Dulcoflex 5mg,2025-09-12,3
SHOP002,73179,Itaspor 100,2025-09-12,1
SHOP002,73176,Calpol 500,2025-09-12,14
SHOP001,73159,Taxim O 200,2025-09-13,1
SHOP002,73154,Gelusil MPS,2025-09-14,5
SHOP001,73175,Avil 25,2025-09-14,2
SHOP001,73153,Deriphyllin 150,2025-09-14,2
SHOP001,73142,Ciplox 500,2025-09-14,5
SHOP002,73149,Becosules Caps,2025-09-14,2
SHOP001,73171,Alex Cough Syrup,2025-09-14,4
SHOP002,73177,Voveran SR 100,2025-09-14,3
SHOP001,73170,Asthalin Inhaler,2025-09-14,1
SHOP001,73132,Montair LC,2025-09-14,1
SHOP001,73136,Telmikind 40,2025-09-14,6
SHOP002,73174,Dulcoflex 5mg,2025-09-14,2
SHOP001,73132,Montair LC,2025-09-15,1
SHOP001,73168,Rabekind D,2025-09-15,3
SHOP001,73143,Allegra 120,2025-09-15,2
SHOP002,73153,Deriphyllin 150,2025-09-16,3
SHOP001,73137,Electral Powder,2025-09-16,2
SHOP001,73162,Cipcal 500,2025-09-16,1
SHOP001,73159,Taxim O 200,2025-09-16,3
SHOP002,73174,Dulcoflex 5mg,2025-09-16,2
SHOP002,73147,Amlokind 5,2025-09-16,4
SHOP001,73134,Ascoril LS Syrup,2025-09-17,3
SHOP002,73148,Cyclopam,2025-09-17,5
SHOP002,73159,Taxim O 200,2025-09-17,1
SHOP001,73159,Taxim O 200,2025-09-17,4
SHOP001,73178,Ovez-D,2025-09-17,2
SHOP002,73164,Limcee 500,2025-09-17,4
SHOP001,73175,Avil 25,2025-09-18,4
SHOP002,73158,Cefakind 500,2025-09-18,4
SHOP001,73168,Rabekind D,2025-09-18,5
SHOP001,73161,Aztor 10,2025-09-18,8
SHOP002,73139,Ondem 4mg,2025-09-19,8
SHOP002,73162,Cipcal 500,2025-09-19,4
SHOP002,73150,Shelcal 500,2025-09-19,1
SHOP002,73159,Taxim O 200,2025-09-19,2
SHOP001,73155,Thyronorm 50,2025-09-20,2
SHOP001,73136,Telmikind 40,2025-09-20,3
SHOP001,73130,Pantop DSR,2025-09-21,3
SHOP002,73159,Taxim O 200,2025-09-21,3
SHOP001,73130,Pantop DSR,2025-09-21,1
SHOP001,73179,Itaspor 100,2025-09-21,1
SHOP002,73176,Calpol 500,2025-09-21,20
SHOP001,73158,Cefakind 500,2025-09-21,2
SHOP002,73172,Evion 400,2025-09-21,1
SHOP002,73155,Thyronorm 50,2025-09-22,2
SHOP001,73162,Cipcal 500,2025-09-22,5
SHOP002,73169,Foracort 200,2025-09-22,2
SHOP001,73173,Neurobion Forte,2025-09-22,3
SHOP002,73146,Janumet 50/500,2025-09-22,5
SHOP002,73172,Evion 400,2025-09-22,5
SHOP001,73179,Itaspor 100,2025-09-22,3
SHOP001,73165,Lupisulide P,2025-09-23,3
SHOP002,73144,Combiflam,2025-09-23,3
SHOP001,73157,Eldoper Caps,2025-09-23,5
SHOP001,73137,Electral Powder,2025-09-23,1
SHOP001,73133,Azithral 500,2025-09-23,19
SHOP002,73153,Deriphyllin 150,2025-09-24,5
SHOP001,73160,Meftal Spas,2025-09-24,3
SHOP002,73159,Taxim O 200,2025-09-24,1
SHOP002,73147,Amlokind 5,2025-09-25,8
SHOP002,73173,Neurobion Forte,2025-09-25,2
SHOP001,73179,Itaspor 100,2025-09-25,3
SHOP001,73133,Azithral 500,2025-09-26,25
SHOP001,73135,Glycomet GP2,2025-09-26,10
SHOP002,73170,Asthalin Inhaler,2025-09-26,3
SHOP002,73175,Avil 25,2025-09-26,4
SHOP001,73169,Foracort 200,2025-09-27,1
SHOP002,73159,Taxim O 200,2025-09-27,1
SHOP001,73176,Calpol 500,2025-09-27,6
SHOP002,73159,Taxim O 200,2025-09-27,3
SHOP002,73135,Glycomet GP2,2025-09-27,4
SHOP001,73140,Atorva 10,2025-09-28,8
SHOP002,73142,Ciplox 500,2025-09-28,2
SHOP001,73159,Taxim O 200,2025-09-28,3
SHOP002,73178,Ovez-D,2025-09-28,4
SHOP001,73157,Eldoper Caps,2025-09-28,1
SHOP001,73171,Alex Cough Syrup,2025-09-29,5
SHOP002,73141,Pan 40,2025-09-29,2
SHOP001,73130,Pantop DSR,2025-09-29,5
SHOP001,73134,Ascoril LS Syrup,2025-09-30,1
SHOP002,73134,Ascoril LS Syrup,2025-09-30,5
SHOP001,73134,Ascoril LS Syrup,2025-09-30,5
SHOP002,73150,Shelcal 500,2025-09-30,5
SHOP001,73178,Ovez-D,2025-09-30,2
SHOP001,73176,Calpol 500,2025-09-30,15
SHOP002,73147,Amlokind 5,2025-10-01,4
SHOP001,73168,Rabekind D,2025-10-01,2
SHOP001,73153,Deriphyllin 150,2025-10-02,3
SHOP002,73166,Ofal-OZ,2025-10-02,22
SHOP001,73170,Asthalin Inhaler,2025-10-02,5
SHOP001,73140,Atorva 10,2025-10-02,3
SHOP001,73143,Allegra 120,2025-10-02,5
SHOP002,73142,Ciplox 500,2025-10-03,1
SHOP002,73131,Dolo 650,2025-10-03,15
SHOP002,73147,Amlokind 5,2025-10-03,9
SHOP001,73151,Celin 500,2025-10-04,2
SHOP001,73165,Lupisulide P,2025-10-04,4
SHOP002,73144,Combiflam,2025-10-04,2
SHOP001,73173,Neurobion Forte,2025-10-04,1
SHOP001,73138,Moxikind CV 625,2025-10-04,5
SHOP002,73159,Taxim O 200,2025-10-04,4
SHOP002,73138,Moxikind CV 625,2025-10-05,1
SHOP002,73146,Janumet 50/500,2025-10-05,4
SHOP002,73169,Foracort 200,2025-10-06,1
SHOP001,73141,Pan 40,2025-10-06,1
SHOP001,73163,Metolar XR 25,2025-10-06,5
SHOP002,73135,Glycomet GP2,2025-10-06,6
SHOP001,73146,Janumet 50/500,2025-10-06,4
SHOP002,73141,Pan 40,2025-10-07,5
SHOP002,73147,Amlokind 5,2025-10-07,4
SHOP002,73136,Telmikind 40,2025-10-07,9
SHOP001,73158,Cefakind 500,2025-10-07,3
SHOP001,73179,Itaspor 100,2025-10-08,2
SHOP002,73163,Metolar XR 25,2025-10-08,7
SHOP002,73137,Electral Powder,2025-10-08,5
SHOP001,73130,Pantop DSR,2025-10-08,5
SHOP002,73159,Taxim O 200,2025-10-08,5
SHOP002,73167,Zerodol SP,2025-10-08,5
SHOP001,73178,Ovez-D,2025-10-08,2
SHOP002,73170,Asthalin Inhaler,2025-10-08,2
SHOP002,73151,Celin 500,2025-10-08,3
SHOP002,73178,Ovez-D,2025-10-09,3
SHOP002,73163,Metolar XR 25,2025-10-09,6
SHOP002,73131,Dolo 650,2025-10-09,19
SHOP002,73158,Cefakind 500,2025-10-09,2
SHOP001,73134,Ascoril LS Syrup,2025-10-09,4
SHOP001,73152,Zocon 150,2025-10-09,5
SHOP002,73139,Ondem 4mg,2025-10-10,25
SHOP001,73142,Ciplox 500,2025-10-11,1
SHOP001,73154,Gelusil MPS,2025-10-11,4
SHOP001,73136,Telmikind 40,2025-10-11,4
SHOP002,73179,Itaspor 100,2025-10-11,4
SHOP002,73138,Moxikind CV 625,2025-10-11,3
SHOP002,73136,Telmikind 40,2025-10-11,7
SHOP001,73133,Azithral 500,2025-10-12,10
SHOP002,73146,Janumet 50/500,2025-10-12,10
SHOP001,73140,Atorva 10,2025-10-12,7
SHOP001,73176,Calpol 500,2025-10-12,19
SHOP002,73138,Moxikind CV 625,2025-10-13,2
SHOP001,73135,Glycomet GP2,2025-10-13,5
SHOP002,73144,Combiflam,2025-10-13,3
SHOP002,73155,Thyronorm 50,2025-10-13,1
SHOP002,73163,Metolar XR 25,2025-10-14,4
SHOP001,73132,Montair LC,2025-10-14,2
SHOP001,73174,Dulcoflex 5mg,2025-10-14,4
SHOP002,73143,Allegra 120,2025-10-14,5
SHOP001,73162,Cipcal 500,2025-10-14,5
SHOP002,73138,Moxikind CV 625,2025-10-14,4
SHOP001,73174,Dulcoflex 5mg,2025-10-14,3
SHOP002,73144,Combiflam,2025-10-14,5
SHOP002,73146,Janumet 50/500,2025-10-15,4
SHOP002,73153,Deriphyllin 150,2025-10-15,1
SHOP001,73141,Pan 40,2025-10-15,3
SHOP002,73175,Avil 25,2025-10-15,5
SHOP002,73155,Thyronorm 50,2025-10-16,4
SHOP002,73135,Glycomet GP2,2025-10-16,6
SHOP002,73168,Rabekind D,2025-10-16,1
SHOP001,73135,Glycomet GP2,2025-10-16,8
SHOP001,73178,Ovez-D,2025-10-16,5
SHOP002,73138,Moxikind CV 625,2025-10-16,4
SHOP002,73134,Ascoril LS Syrup,2025-10-16,3
SHOP001,73136,Telmikind 40,2025-10-17,6
SHOP002,73134,Ascoril LS Syrup,2025-10-17,2
SHOP002,73156,Ecosprin 75,2025-10-17,4
SHOP002,73168,Rabekind D,2025-10-17,5
SHOP002,73133,Azithral 500,2025-10-17,23
SHOP001,73135,Glycomet GP2,2025-10-18,4
SHOP001,73135,Glycomet GP2,2025-10-18,5
SHOP001,73159,Taxim O 200,2025-10-19,5
SHOP002,73133,Azithral 500,2025-10-19,24
SHOP002,73152,Zocon 150,2025-10-19,3
SHOP001,73154,Gelusil MPS,2025-10-19,1
SHOP001,73175,Avil 25,2025-10-19,4
SHOP001,73163,Metolar XR 25,2025-10-19,7
SHOP001,73147,Amlokind 5,2025-10-20,8
SHOP002,73140,Atorva 10,2025-10-20,7
SHOP002,73179,Itaspor 100,2025-10-20,1
SHOP002,73156,Ecosprin 75,2025-10-20,9
SHOP002,73139,Ondem 4mg,2025-10-21,15
SHOP002,73136,Telmikind 40,2025-10-21,10
SHOP002,73156,Ecosprin 75,2025-10-21,5
SHOP002,73164,Limcee 500,2025-10-21,1
SHOP001,73135,Glycomet GP2,2025-10-21,8
SHOP001,73179,Itaspor 100,2025-10-21,2
SHOP001,73160,Meftal Spas,2025-10-22,3
SHOP002,73148,Cyclopam,2025-10-22,1
SHOP001,73154,Gelusil MPS,2025-10-23,5
SHOP001,73130,Pantop DSR,2025-10-23,4
SHOP001,73174,Dulcoflex 5mg,2025-10-23,4
SHOP002,73137,Electral Powder,2025-10-23,4
SHOP001,73136,Telmikind 40,2025-10-23,7
SHOP001,73139,Ondem 4mg,2025-10-23,15
SHOP002,73162,Cipcal 500,2025-10-24,1
SHOP001,73166,Ofal-OZ,2025-10-24,16
SHOP002,73139,Ondem 4mg,2025-10-24,16
SHOP001,73155,Thyronorm 50,2025-10-24,1
SHOP001,73176,Calpol 500,2025-10-24,16
SHOP001,73130,Pantop DSR,2025-10-24,1
SHOP002,73172,Evion 400,2025-10-24,1
SHOP002,73174,Dulcoflex 5mg,2025-10-25,3
SHOP002,73173,Neurobion Forte,2025-10-25,2
SHOP001,73132,Montair LC,2025-10-25,4
SHOP002,73176,Calpol 500,2025-10-25,25
SHOP002,73145,Benadryl Syrup,2025-10-25,5
SHOP001,73163,Metolar XR 25,2025-10-25,5
SHOP001,73139,Ondem 4mg,2025-10-25,8
SHOP001,73159,Taxim O 200,2025-10-25,5
SHOP002,73160,Meftal Spas,2025-10-25,3
SHOP002,73155,Thyronorm 50,2025-10-26,3
SHOP001,73134,Ascoril LS Syrup,2025-10-26,1
SHOP001,73144,Combiflam,2025-10-26,3
SHOP001,73160,Meftal Spas,2025-10-26,1
SHOP002,73169,Foracort 200,2025-10-26,5
SHOP002,73130,Pantop DSR,2025-10-26,5
SHOP002,73138,Moxikind CV 625,2025-10-27,1
SHOP001,73147,Amlokind 5,2025-10-27,7
SHOP001,73160,Meftal Spas,2025-10-28,2
SHOP002,73153,Deriphyllin 150,2025-10-28,4
SHOP002,73141,Pan 40,2025-10-29,1
SHOP001,73155,Thyronorm 50,2025-10-29,2
SHOP001,73159,Taxim O 200,2025-10-29,1
SHOP002,73133,Azithral 500,2025-10-29,17
SHOP002,73177,Voveran SR 100,2025-10-29,4
SHOP001,73150,Shelcal 500,2025-10-29,3
SHOP002,73177,Voveran SR 100,2025-10-30,4
SHOP001,73132,Montair LC,2025-10-30,5
SHOP002,73163,Metolar XR 25,2025-10-30,6
SHOP001,73141,Pan 40,2025-10-30,5
SHOP001,73175,Avil 25,2025-10-30,1
SHOP002,73155,Thyronorm 50,2025-10-30,5
SHOP002,73137,Electral Powder,2025-10-30,4
SHOP002,73159,Taxim O 200,2025-10-31,1
SHOP001,73161,Aztor 10,2025-10-31,5
SHOP001,73133,Azithral 500,2025-10-31,23
SHOP001,73136,Telmikind 40,2025-11-01,9
SHOP002,73134,Ascoril LS Syrup,2025-11-01,10
SHOP001,73139,Ondem 4mg,2025-11-02,3
SHOP002,73164,Limcee 500,2025-11-02,2
SHOP002,73156,Ecosprin 75,2025-11-02,6
SHOP002,73136,Telmikind 40,2025-11-02,5
SHOP002,73157,Eldoper Caps,2025-11-03,3
SHOP002,73131,Dolo 650,2025-11-03,3
SHOP002,73141,Pan 40,2025-11-03,1
SHOP002,73156,Ecosprin 75,2025-11-03,10
SHOP001,73138,Moxikind CV 625,2025-11-03,3
SHOP002,73157,Eldoper Caps,2025-11-03,2
SHOP002,73162,Cipcal 500,2025-11-03,5
SHOP001,73154,Gelusil MPS,2025-11-03,2
SHOP001,73138,Moxikind CV 625,2025-11-03,5
SHOP002,73150,Shelcal 500,2025-11-04,1
SHOP002,73179,Itaspor 100,2025-11-04,1
SHOP001,73159,Taxim O 200,2025-11-04,1
SHOP001,73166,Ofal-OZ,2025-11-04,4
SHOP001,73163,Metolar XR 25,2025-11-05,6
SHOP002,73165,Lupisulide P,2025-11-05,1
SHOP002,73161,Aztor 10,2025-11-05,4
SHOP002,73176,Calpol 500,2025-11-05,1
SHOP002,73166,Ofal-OZ,2025-11-05,5
SHOP002,73136,Telmikind 40,2025-11-05,5
SHOP001,73179,Itaspor 100,2025-11-05,2
SHOP002,73134,Ascoril LS Syrup,2025-11-05,6
SHOP002,73162,Cipcal 500,2025-11-06,1
SHOP001,73147,Amlokind 5,2025-11-06,8
SHOP002,73157,Eldoper Caps,2025-11-06,5
SHOP001,73143,Allegra 120,2025-11-07,5
SHOP001,73171,Alex Cough Syrup,2025-11-07,19
SHOP002,73147,Amlokind 5,2025-11-08,10
SHOP002,73133,Azithral 500,2025-11-08,4
SHOP001,73146,Janumet 50/500,2025-11-08,9
SHOP001,73140,Atorva 10,2025-11-08,6
SHOP001,73136,Telmikind 40,2025-11-08,5
SHOP001,73140,Atorva 10,2025-11-08,5
SHOP002,73152,Zocon 150,2025-11-08,1
SHOP002,73143,Allegra 120,2025-11-08,4
SHOP002,73166,Ofal-OZ,2025-11-09,1
SHOP001,73149,Becosules Caps,2025-11-09,4
SHOP001,73152,Zocon 150,2025-11-09,5
SHOP002,73165,Lupisulide P,2025-11-09,1
SHOP001,73151,Celin 500,2025-11-09,2
SHOP001,73157,Eldoper Caps,2025-11-10,2
SHOP002,73160,Meftal Spas,2025-11-10,5
SHOP001,73144,Combiflam,2025-11-10,3
SHOP002,73168,Rabekind D,2025-11-10,4
SHOP001,73159,Taxim O 200,2025-11-11,5
SHOP001,73143,Allegra 120,2025-11-11,5
SHOP001,73139,Ondem 4mg,2025-11-11,4
SHOP002,73151,Celin 500,2025-11-11,3
SHOP002,73175,Avil 25,2025-11-12,1
SHOP002,73153,Deriphyllin 150,2025-11-12,5
SHOP002,73160,Meftal Spas,2025-11-12,4
SHOP001,73143,Allegra 120,2025-11-13,3
SHOP002,73173,Neurobion Forte,2025-11-13,1
SHOP002,73148,Cyclopam,2025-11-13,3
SHOP002,73176,Calpol 500,2025-11-14,2
SHOP001,73142,Ciplox 500,2025-11-14,2
SHOP002,73175,Avil 25,2025-11-14,4
SHOP002,73171,Alex Cough Syrup,2025-11-14,9
SHOP001,73170,Asthalin Inhaler,2025-11-15,3
SHOP002,73161,Aztor 10,2025-11-15,6
SHOP001,73139,Ondem 4mg,2025-11-15,4
SHOP002,73135,Glycomet GP2,2025-11-15,10
SHOP001,73176,Calpol 500,2025-11-15,2
SHOP002,73153,Deriphyllin 150,2025-11-16,4
SHOP002,73178,Ovez-D,2025-11-16,2
SHOP001,73143,Allegra 120,2025-11-16,4
SHOP001,73136,Telmikind 40,2025-11-16,7
SHOP001,73170,Asthalin Inhaler,2025-11-17,1
SHOP001,73130,Pantop DSR,2025-11-17,4
SHOP001,73173,Neurobion Forte,2025-11-17,1
SHOP001,73156,Ecosprin 75,2025-11-17,7
SHOP001,73130,Pantop DSR,2025-11-17,3
SHOP002,73176,Calpol 500,2025-11-17,3
SHOP002,73168,Rabekind D,2025-11-17,5
SHOP002,73145,Benadryl Syrup,2025-11-18,5
SHOP001,73130,Pantop DSR,2025-11-18,3
SHOP002,73178,Ovez-D,2025-11-18,4
SHOP002,73139,Ondem 4mg,2025-11-18,4
SHOP002,73135,Glycomet GP2,2025-11-18,10
SHOP001,73142,Ciplox 500,2025-11-18,2
SHOP001,73132,Montair LC,2025-11-18,11
SHOP001,73175,Avil 25,2025-11-18,5
SHOP001,73148,Cyclopam,2025-11-18,2
SHOP001,73171,Alex Cough Syrup,2025-11-19,17
SHOP001,73149,Becosules Caps,2025-11-19,1
SHOP002,73166,Ofal-OZ,2025-11-19,3
SHOP001,73179,Itaspor 100,2025-11-19,3
SHOP001,73145,Benadryl Syrup,2025-11-19,7
SHOP002,73150,Shelcal 500,2025-11-19,1
SHOP002,73140,Atorva 10,2025-11-20,8
SHOP001,73155,Thyronorm 50,2025-11-20,2
SHOP002,73147,Amlokind 5,2025-11-20,4
SHOP001,73161,Aztor 10,2025-11-20,4
SHOP001,73147,Amlokind 5,2025-11-20,10
SHOP002,73178,Ovez-D,2025-11-20,2
SHOP002,73175,Avil 25,2025-11-21,3
SHOP002,73139,Ondem 4mg,2025-11-21,3
SHOP002,73154,Gelusil MPS,2025-11-21,1
SHOP001,73175,Avil 25,2025-11-21,5
SHOP002,73163,Metolar XR 25,2025-11-21,8
SHOP001,73154,Gelusil MPS,2025-11-21,5
SHOP002,73152,Zocon 150,2025-11-21,5
SHOP002,73168,Rabekind D,2025-11-21,4
SHOP002,73170,Asthalin Inhaler,2025-11-22,2
SHOP002,73134,Ascoril LS Syrup,2025-11-22,5
SHOP001,73172,Evion 400,2025-11-22,3
SHOP002,73142,Ciplox 500,2025-11-22,2
SHOP002,73165,Lupisulide P,2025-11-22,4
SHOP001,73149,Becosules Caps,2025-11-23,1
SHOP001,73155,Thyronorm 50,2025-11-23,5
SHOP002,73173,Neurobion Forte,2025-11-24,2
SHOP002,73162,Cipcal 500,2025-11-24,1
SHOP001,73154,Gelusil MPS,2025-11-24,4
SHOP001,73168,Rabekind D,2025-11-24,4
SHOP001,73151,Celin 500,2025-11-25,3
SHOP002,73176,Calpol 500,2025-11-25,4
SHOP002,73168,Rabekind D,2025-11-25,1
SHOP001,73142,Ciplox 500,2025-11-25,3
SHOP001,73134,Ascoril LS Syrup,2025-11-26,13
SHOP001,73178,Ovez-D,2025-11-26,4
SHOP001,73179,Itaspor 100,2025-11-27,5
SHOP002,73144,Combiflam,2025-11-27,2
SHOP001,73140,Atorva 10,2025-11-27,10
SHOP001,73135,Glycomet GP2,2025-11-27,3
SHOP002,73156,Ecosprin 75,2025-11-27,4
SHOP002,73139,Ondem 4mg,2025-11-27,4
SHOP002,73147,Amlokind 5,2025-11-28,5
SHOP001,73131,Dolo 650,2025-11-28,2
SHOP001,73175,Avil 25,2025-11-28,5
SHOP002,73173,Neurobion Forte,2025-11-28,2
SHOP002,73131,Dolo 650,2025-11-28,2
SHOP001,73143,Allegra 120,2025-11-29,1
SHOP001,73169,Foracort 200,2025-11-29,4
SHOP001,73173,Neurobion Forte,2025-11-29,5
SHOP002,73130,Pantop DSR,2025-11-29,3
SHOP002,73143,Allegra 120,2025-11-29,5
SHOP002,73146,Janumet 50/500,2025-11-29,6
SHOP001,73131,Dolo 650,2025-11-30,1
SHOP001,73149,Becosules Caps,2025-11-30,5
SHOP002,73167,Zerodol SP,2025-12-01,1
SHOP002,73158,Cefakind 500,2025-12-01,3
SHOP002,73178,Ovez-D,2025-12-01,4
SHOP002,73165,Lupisulide P,2025-12-01,2
SHOP002,73167,Zerodol SP,2025-12-01,5
SHOP002,73161,Aztor 10,2025-12-01,4
SHOP002,73134,Ascoril LS Syrup,2025-12-03,16
SHOP001,73174,Dulcoflex 5mg,2025-12-03,2
SHOP002,73177,Voveran SR 100,2025-12-04,2
SHOP001,73171,Alex Cough Syrup,2025-12-04,19
SHOP001,73176,Calpol 500,2025-12-05,4
SHOP001,73130,Pantop DSR,2025-12-05,1
SHOP002,73159,Taxim O 200,2025-12-05,2
SHOP002,73174,Dulcoflex 5mg,2025-12-05,4
SHOP002,73159,Taxim O 200,2025-12-05,4
SHOP002,73154,Gelusil MPS,2025-12-05,2
SHOP002,73173,Neurobion Forte,2025-12-05,4
SHOP001,73142,Ciplox 500,2025-12-06,4
SHOP002,73137,Electral Powder,2025-12-06,3
SHOP001,73135,Glycomet GP2,2025-12-06,3
SHOP002,73136,Telmikind 40,2025-12-06,4
SHOP001,73156,Ecosprin 75,2025-12-06,7
SHOP002,73153,Deriphyllin 150,2025-12-06,3
SHOP002,73177,Voveran SR 100,2025-12-06,3
SHOP002,73177,Voveran SR 100,2025-12-06,5
SHOP001,73137,Electral Powder,2025-12-06,3
SHOP002,73178,Ovez-D,2025-12-06,2
SHOP002,73134,Ascoril LS Syrup,2025-12-06,13
SHOP002,73130,Pantop DSR,2025-12-07,2
SHOP001,73146,Janumet 50/500,2025-12-07,5
SHOP001,73153,Deriphyllin 150,2025-12-08,1
SHOP001,73170,Asthalin Inhaler,2025-12-08,3
SHOP001,73173,Neurobion Forte,2025-12-08,3
SHOP002,73157,Eldoper Caps,2025-12-09,4
SHOP001,73166,Ofal-OZ,2025-12-09,1
SHOP001,73178,Ovez-D,2025-12-10,2
SHOP001,73162,Cipcal 500,2025-12-10,3
SHOP002,73156,Ecosprin 75,2025-12-10,5
SHOP002,73158,Cefakind 500,2025-12-11,4
SHOP002,73176,Calpol 500,2025-12-11,2
SHOP001,73135,Glycomet GP2,2025-12-11,4
SHOP001,73155,Thyronorm 50,2025-12-12,1
SHOP001,73166,Ofal-OZ,2025-12-12,4
SHOP002,73171,Alex Cough Syrup,2025-12-13,15
SHOP001,73149,Becosules Caps,2025-12-13,4
SHOP002,73133,Azithral 500,2025-12-13,2
SHOP002,73139,Ondem 4mg,2025-12-13,4
SHOP001,73164,Limcee 500,2025-12-13,1
SHOP001,73140,Atorva 10,2025-12-13,3
SHOP001,73151,Celin 500,2025-12-14,2
SHOP002,73155,Thyronorm 50,2025-12-14,4
SHOP002,73178,Ovez-D,2025-12-14,2
SHOP002,73153,Deriphyllin 150,2025-12-14,5
SHOP002,73138,Moxikind CV 625,2025-12-14,1
SHOP001,73172,Evion 400,2025-12-14,4
SHOP001,73151,Celin 500,2025-12-15,5
SHOP002,73172,Evion 400,2025-12-16,2
SHOP001,73159,Taxim O 200,2025-12-16,5
SHOP002,73170,Asthalin Inhaler,2025-12-16,3
SHOP001,73156,Ecosprin 75,2025-12-16,4
SHOP001,73175,Avil 25,2025-12-17,3
SHOP002,73140,Atorva 10,2025-12-17,8
SHOP002,73152,Zocon 150,2025-12-17,2
SHOP001,73141,Pan 40,2025-12-17,1
SHOP001,73143,Allegra 120,2025-12-17,5
SHOP002,73141,Pan 40,2025-12-18,4
SHOP002,73145,Benadryl Syrup,2025-12-18,17
SHOP001,73157,Eldoper Caps,2025-12-18,2
SHOP001,73160,Meftal Spas,2025-12-18,4
SHOP001,73132,Montair LC,2025-12-18,19
SHOP002,73176,Calpol 500,2025-12-18,4
SHOP001,73153,Deriphyllin 150,2025-12-19,4
SHOP001,73179,Itaspor 100,2025-12-19,2
SHOP002,73177,Voveran SR 100,2025-12-19,2
SHOP001,73164,Limcee 500,2025-12-19,1
SHOP001,73179,Itaspor 100,2025-12-19,5
SHOP001,73177,Voveran SR 100,2025-12-20,5
SHOP002,73135,Glycomet GP2,2025-12-21,6
SHOP002,73164,Limcee 500,2025-12-22,2
SHOP002,73155,Thyronorm 50,2025-12-22,5
SHOP002,73169,Foracort 200,2025-12-22,5
SHOP002,73174,Dulcoflex 5mg,2025-12-23,3
SHOP002,73130,Pantop DSR,2025-12-23,5
SHOP002,73151,Celin 500,2025-12-23,4
SHOP002,73159,Taxim O 200,2025-12-23,5
SHOP002,73155,Thyronorm 50,2025-12-24,5
SHOP002,73176,Calpol 500,2025-12-24,2
SHOP002,73140,Atorva 10,2025-12-25,4
SHOP002,73147,Amlokind 5,2025-12-25,7
SHOP001,73130,Pantop DSR,2025-12-25,2
SHOP002,73159,Taxim O 200,2025-12-26,2
SHOP002,73140,Atorva 10,2025-12-26,5
SHOP001,73141,Pan 40,2025-12-26,2
SHOP002,73178,Ovez-D,2025-12-27,4
SHOP002,73171,Alex Cough Syrup,2025-12-27,19
SHOP002,73163,Metolar XR 25,2025-12-27,4
SHOP002,73170,Asthalin Inhaler,2025-12-27,3
SHOP002,73167,Zerodol SP,2025-12-27,5
SHOP002,73159,Taxim O 200,2025-12-27,2
SHOP001,73166,Ofal-OZ,2025-12-27,5
SHOP001,73166,Ofal-OZ,2025-12-28,4
SHOP001,73172,Evion 400,2025-12-28,2
SHOP001,73133,Azithral 500,2025-12-28,3
SHOP001,73174,Dulcoflex 5mg,2025-12-28,3
SHOP002,73175,Avil 25,2025-12-28,3
SHOP001,73134,Ascoril LS Syrup,2025-12-28,19
SHOP002,73144,Combiflam,2025-12-28,4
SHOP002,73155,Thyronorm 50,2025-12-28,5
SHOP001,73166,Ofal-OZ,2025-12-29,3
SHOP001,73133,Azithral 500,2025-12-29,1
SHOP001,73168,Rabekind D,2025-12-29,5
SHOP001,73173,Neurobion Forte,2025-12-30,4
SHOP002,73151,Celin 500,2025-12-30,3
SHOP002,73173,Neurobion Forte,2025-12-30,5
SHOP002,73162,Cipcal 500,2025-12-31,1
SHOP001,73138,Moxikind CV 625,2025-12-31,3
SHOP001,73174,Dulcoflex 5mg,2025-12-31,1
SHOP002,73159,Taxim O 200,2026-01-01,4
SHOP001,73141,Pan 40,2026-01-01,5
SHOP001,73172,Evion 400,2026-01-01,5
SHOP002,73152,Zocon 150,2026-01-01,1
SHOP001,73133,Azithral 500,2026-01-01,3
SHOP002,73160,Meftal Spas,2026-01-01,4
SHOP002,73155,Thyronorm 50,2026-01-01,5
SHOP001,73173,Neurobion Forte,2026-01-02,2
SHOP001,73175,Avil 25,2026-01-02,3
SHOP001,73146,Janumet 50/500,2026-01-02,10
SHOP001,73148,Cyclopam,2026-01-02,3
SHOP001,73165,Lupisulide P,2026-01-02,1
SHOP001,73175,Avil 25,2026-01-03,3
SHOP001,73148,Cyclopam,2026-01-03,1
SHOP002,73168,Rabekind D,2026-01-03,3
SHOP001,73144,Combiflam,2026-01-03,4
SHOP002,73173,Neurobion Forte,2026-01-03,3
SHOP002,73154,Gelusil MPS,2026-01-04,2
SHOP001,73177,Voveran SR 100,2026-01-04,1
SHOP001,73164,Limcee 500,2026-01-04,2
SHOP001,73135,Glycomet GP2,2026-01-04,8
SHOP001,73136,Telmikind 40,2026-01-04,8
SHOP002,73136,Telmikind 40,2026-01-04,4
SHOP002,73157,Eldoper Caps,2026-01-04,1
SHOP001,73131,Dolo 650,2026-01-04,3
SHOP002,73153,Deriphyllin 150,2026-01-05,1
SHOP002,73170,Asthalin Inhaler,2026-01-05,3
SHOP001,73148,Cyclopam,2026-01-05,4
SHOP002,73136,Telmikind 40,2026-01-05,9
SHOP002,73149,Becosules Caps,2026-01-05,1
SHOP001,73174,Dulcoflex 5mg,2026-01-06,2
SHOP001,73155,Thyronorm 50,2026-01-06,1
SHOP002,73166,Ofal-OZ,2026-01-06,1
SHOP001,73172,Evion 400,2026-01-06,2
SHOP001,73176,Calpol 500,2026-01-06,3
SHOP001,73157,Eldoper Caps,2026-01-06,1
SHOP001,73175,Avil 25,2026-01-06,1
SHOP001,73173,Neurobion Forte,2026-01-07,3
SHOP001,73163,Metolar XR 25,2026-01-07,5
SHOP001,73131,Dolo 650,2026-01-08,2
SHOP002,73142,Ciplox 500,2026-01-08,4
SHOP002,73148,Cyclopam,2026-01-08,4
SHOP002,73144,Combiflam,2026-01-10,5
SHOP002,73142,Ciplox 500,2026-01-10,4
SHOP002,73140,Atorva 10,2026-01-10,10
SHOP002,73135,Glycomet GP2,2026-01-10,7
SHOP001,73155,Thyronorm 50,2026-01-10,1
SHOP001,73163,Metolar XR 25,2026-01-10,9
SHOP001,73144,Combiflam,2026-01-11,3
SHOP001,73146,Janumet 50/500,2026-01-12,4
SHOP001,73144,Combiflam,2026-01-12,2
SHOP001,73178,Ovez-D,2026-01-12,3
SHOP001,73166,Ofal-OZ,2026-01-12,1
SHOP001,73142,Ciplox 500,2026-01-12,4
SHOP001,73161,Aztor 10,2026-01-12,9
SHOP002,73161,Aztor 10,2026-01-13,3
SHOP002,73169,Foracort 200,2026-01-13,4
SHOP001,73178,Ovez-D,2026-01-13,1
SHOP001,73168,Rabekind D,2026-01-13,5
SHOP002,73175,Avil 25,2026-01-13,1
SHOP001,73171,Alex Cough Syrup,2026-01-13,18
SHOP002,73134,Ascoril LS Syrup,2026-01-13,7
SHOP001,73167,Zerodol SP,2026-01-13,4
SHOP001,73157,Eldoper Caps,2026-01-13,4
SHOP001,73134,Ascoril LS Syrup,2026-01-13,18
SHOP002,73153,Deriphyllin 150,2026-01-14,1
SHOP001,73130,Pantop DSR,2026-01-14,5
SHOP001,73158,Cefakind 500,2026-01-14,1
SHOP002,73158,Cefakind 500,2026-01-15,1
SHOP001,73165,Lupisulide P,2026-01-15,1
SHOP002,73167,Zerodol SP,2026-01-15,2
SHOP002,73149,Becosules Caps,2026-01-16,2
SHOP001,73175,Avil 25,2026-01-16,5
SHOP001,73165,Lupisulide P,2026-01-17,1
SHOP002,73158,Cefakind 500,2026-01-17,4
SHOP002,73170,Asthalin Inhaler,2026-01-17,5
SHOP001,73131,Dolo 650,2026-01-18,2
SHOP002,73159,Taxim O 200,2026-01-18,5
SHOP002,73174,Dulcoflex 5mg,2026-01-18,5
SHOP001,73154,Gelusil MPS,2026-01-18,1
SHOP001,73162,Cipcal 500,2026-01-18,4
SHOP002,73148,Cyclopam,2026-01-19,4
SHOP001,73131,Dolo 650,2026-01-19,3
SHOP001,73155,Thyronorm 50,2026-01-20,2
SHOP001,73171,Alex Cough Syrup,2026-01-20,12
SHOP002,73170,Asthalin Inhaler,2026-01-20,4
SHOP001,73166,Ofal-OZ,2026-01-20,4
SHOP001,73173,Neurobion Forte,2026-01-20,5
SHOP002,73161,Aztor 10,2026-01-20,8
SHOP001,73130,Pantop DSR,2026-01-20,4
SHOP001,73176,Calpol 500,2026-01-20,1
SHOP002,73175,Avil 25,2026-01-20,2
SHOP001,73131,Dolo 650,2026-01-21,4
SHOP002,73171,Alex Cough Syrup,2026-01-22,18
SHOP002,73133,Azithral 500,2026-01-22,1
SHOP002,73174,Dulcoflex 5mg,2026-01-22,1
SHOP001,73154,Gelusil MPS,2026-01-22,1
SHOP001,73147,Amlokind 5,2026-01-22,8
SHOP001,73152,Zocon 150,2026-01-23,3
SHOP001,73165,Lupisulide P,2026-01-23,3
SHOP002,73132,Montair LC,2026-01-23,15
SHOP002,73161,Aztor 10,2026-01-24,4
SHOP001,73169,Foracort 200,2026-01-24,5
SHOP002,73169,Foracort 200,2026-01-24,1
SHOP002,73143,Allegra 120,2026-01-24,4
SHOP002,73164,Limcee 500,2026-01-25,3
SHOP001,73157,Eldoper Caps,2026-01-25,3
SHOP001,73179,Itaspor 100,2026-01-25,5
SHOP002,73158,Cefakind 500,2026-01-25,3
SHOP001,73149,Becosules Caps,2026-01-25,1
SHOP001,73138,Moxikind CV 625,2026-01-25,3
SHOP001,73133,Azithral 500,2026-01-25,3
SHOP002,73170,Asthalin Inhaler,2026-01-25,2
SHOP002,73158,Cefakind 500,2026-01-25,3
SHOP002,73165,Lupisulide P,2026-01-26,4
SHOP001,73154,Gelusil MPS,2026-01-26,3
SHOP002,73172,Evion 400,2026-01-26,2
SHOP002,73177,Voveran SR 100,2026-01-26,4
SHOP001,73137,Electral Powder,2026-01-26,2
SHOP002,73172,Evion 400,2026-01-26,1
SHOP002,73167,Zerodol SP,2026-01-26,5
SHOP002,73172,Evion 400,2026-01-26,4
SHOP001,73179,Itaspor 100,2026-01-26,1
SHOP001,73139,Ondem 4mg,2026-01-26,2
SHOP002,73140,Atorva 10,2026-01-27,5
SHOP001,73157,Eldoper Caps,2026-01-27,2
SHOP002,73167,Zerodol SP,2026-01-27,1
SHOP002,73135,Glycomet GP2,2026-01-27,4
SHOP001,73160,Meftal Spas,2026-01-27,2
SHOP002,73163,Metolar XR 25,2026-01-27,4
SHOP002,73165,Lupisulide P,2026-01-28,4
SHOP002,73150,Shelcal 500,2026-01-28,4
SHOP001,73141,Pan 40,2026-01-28,1
SHOP002,73177,Voveran SR 100,2026-01-28,5
SHOP002,73171,Alex Cough Syrup,2026-01-29,14
SHOP002,73136,Telmikind 40,2026-01-29,9
SHOP001,73149,Becosules Caps,2026-01-29,4
SHOP002,73149,Becosules Caps,2026-01-29,5
SHOP002,73175,Avil 25,2026-01-29,5
SHOP002,73145,Benadryl Syrup,2026-01-29,15
SHOP002,73144,Combiflam,2026-01-29,2
SHOP002,73169,Foracort 200,2026-01-29,5
SHOP001,73136,Telmikind 40,2026-01-30,6
SHOP001,73142,Ciplox 500,2026-01-30,4
SHOP002,73145,Benadryl Syrup,2026-01-30,11
SHOP002,73141,Pan 40,2026-01-31,4
SHOP001,73154,Gelusil MPS,2026-01-31,5
SHOP001,73153,Deriphyllin 150,2026-02-01,4
SHOP001,73163,Metolar XR 25,2026-02-01,5
SHOP002,73146,Janumet 50/500,2026-02-01,8
SHOP001,73151,Celin 500,2026-02-02,2
SHOP002,73148,Cyclopam,2026-02-02,2
SHOP001,73146,Janumet 50/500,2026-02-02,8
SHOP001,73165,Lupisulide P,2026-02-03,5
SHOP001,73162,Cipcal 500,2026-02-03,3
SHOP002,73150,Shelcal 500,2026-02-03,2
SHOP001,73175,Avil 25,2026-02-03,2
SHOP002,73178,Ovez-D,2026-02-03,1
SHOP001,73138,Moxikind CV 625,2026-02-03,2
SHOP001,73163,Metolar XR 25,2026-02-04,7
SHOP001,73141,Pan 40,2026-02-04,2
SHOP002,73159,Taxim O 200,2026-02-04,3
SHOP002,73174,Dulcoflex 5mg,2026-02-05,1
SHOP001,73169,Foracort 200,2026-02-05,4
SHOP001,73162,Cipcal 500,2026-02-05,4
SHOP002,73179,Itaspor 100,2026-02-05,5
SHOP001,73137,Electral Powder,2026-02-05,2
SHOP001,73163,Metolar XR 25,2026-02-05,7
SHOP001,73164,Limcee 500,2026-02-05,4
SHOP002,73165,Lupisulide P,2026-02-06,2
SHOP002,73171,Alex Cough Syrup,2026-02-06,12
SHOP001,73168,Rabekind D,2026-02-06,1
SHOP001,73131,Dolo 650,2026-02-07,3
SHOP001,73171,Alex Cough Syrup,2026-02-07,5
SHOP001,73172,Evion 400,2026-02-07,2
SHOP001,73167,Zerodol SP,2026-02-07,5
SHOP001,73176,Calpol 500,2026-02-07,2
SHOP001,73159,Taxim O 200,2026-02-08,1
SHOP001,73149,Becosules Caps,2026-02-08,5
SHOP002,73175,Avil 25,2026-02-08,4
SHOP002,73134,Ascoril LS Syrup,2026-02-08,8
SHOP001,73138,Moxikind CV 625,2026-02-09,5
SHOP001,73130,Pantop DSR,2026-02-09,2
SHOP001,73158,Cefakind 500,2026-02-09,2
SHOP001,73151,Celin 500,2026-02-10,3
SHOP001,73177,Voveran SR 100,2026-02-10,5
SHOP001,73130,Pantop DSR,2026-02-10,1
SHOP001,73145,Benadryl Syrup,2026-02-11,8
SHOP001,73156,Ecosprin 75,2026-02-11,10
SHOP001,73173,Neurobion Forte,2026-02-11,1
SHOP002,73149,Becosules Caps,2026-02-11,5
SHOP001,73176,Calpol 500,2026-02-11,1
SHOP002,73135,Glycomet GP2,2026-02-11,3
SHOP001,73136,Telmikind 40,2026-02-11,10
SHOP002,73130,Pantop DSR,2026-02-12,2
SHOP002,73163,Metolar XR 25,2026-02-12,9
SHOP001,73149,Becosules Caps,2026-02-12,2
SHOP001,73175,Avil 25,2026-02-12,4
SHOP001,73178,Ovez-D,2026-02-13,3
SHOP002,73158,Cefakind 500,2026-02-13,5
SHOP002,73160,Meftal Spas,2026-02-14,5
SHOP002,73135,Glycomet GP2,2026-02-14,9
SHOP001,73165,Lupisulide P,2026-02-14,3
SHOP002,73158,Cefakind 500,2026-02-15,2
SHOP001,73170,Asthalin Inhaler,2026-02-15,1
SHOP001,73140,Atorva 10,2026-02-15,3
SHOP001,73159,Taxim O 200,2026-02-15,1
SHOP001,73177,Voveran SR 100,2026-02-15,2
SHOP002,73144,Combiflam,2026-02-16,5
SHOP001,73169,Foracort 200,2026-02-16,4
SHOP001,73161,Aztor 10,2026-02-16,8
SHOP001,73157,Eldoper Caps,2026-02-16,1
SHOP002,73173,Neurobion Forte,2026-02-16,1
SHOP002,73130,Pantop DSR,2026-02-16,1
SHOP001,73155,Thyronorm 50,2026-02-16,3
SHOP001,73158,Cefakind 500,2026-02-16,3
SHOP001,73168,Rabekind D,2026-02-17,3
SHOP001,73135,Glycomet GP2,2026-02-17,10
SHOP001,73159,Taxim O 200,2026-02-17,5
SHOP002,73146,Janumet 50/500,2026-02-17,10
SHOP001,73172,Evion 400,2026-02-18,5
SHOP002,73173,Neurobion Forte,2026-02-18,2
SHOP001,73132,Montair LC,2026-02-18,10
SHOP001,73148,Cyclopam,2026-02-18,1
SHOP001,73179,Itaspor 100,2026-02-18,5
SHOP002,73132,Montair LC,2026-02-18,5
SHOP001,73132,Montair LC,2026-02-19,13
SHOP002,73149,Becosules Caps,2026-02-19,5
SHOP002,73155,Thyronorm 50,2026-02-19,1
SHOP001,73141,Pan 40,2026-02-19,4
SHOP002,73162,Cipcal 500,2026-02-19,3
SHOP002,73165,Lupisulide P,2026-02-19,5
SHOP001,73153,Deriphyllin 150,2026-02-20,4
SHOP002,73157,Eldoper Caps,2026-02-20,5
SHOP001,73169,Foracort 200,2026-02-20,2
SHOP002,73162,Cipcal 500,2026-02-20,3
SHOP002,73135,Glycomet GP2,2026-02-21,6
SHOP001,73145,Benadryl Syrup,2026-02-21,10
SHOP002,73160,Meftal Spas,2026-02-21,2
SHOP002,73160,Meftal Spas,2026-02-21,2
SHOP002,73138,Moxikind CV 625,2026-02-23,3
SHOP001,73137,Electral Powder,2026-02-23,3
SHOP002,73155,Thyronorm 50,2026-02-23,3
SHOP001,73179,Itaspor 100,2026-02-23,2
SHOP002,73173,Neurobion Forte,2026-02-23,5
SHOP002,73150,Shelcal 500,2026-02-23,1
SHOP001,73149,Becosules Caps,2026-02-23,4
SHOP001,73138,Moxikind CV 625,2026-02-23,1
SHOP002,73172,Evion 400,2026-02-25,4
SHOP002,73173,Neurobion Forte,2026-02-25,2
SHOP001,73150,Shelcal 500,2026-02-25,4
SHOP001,73135,Glycomet GP2,2026-02-26,9
SHOP001,73147,Amlokind 5,2026-02-26,4
SHOP001,73152,Zocon 150,2026-02-26,5
SHOP002,73140,Atorva 10,2026-02-26,6
SHOP002,73133,Azithral 500,2026-02-26,1
SHOP001,73136,Telmikind 40,2026-02-26,8
SHOP001,73141,Pan 40,2026-02-27,3
SHOP002,73175,Avil 25,2026-02-27,4
SHOP002,73130,Pantop DSR,2026-02-27,3
SHOP002,73139,Ondem 4mg,2026-02-27,3
SHOP002,73146,Janumet 50/500,2026-02-27,4
SHOP002,73149,Becosules Caps,2026-02-28,4
SHOP002,73179,Itaspor 100,2026-02-28,1
SHOP002,73132,Montair LC,2026-03-01,3
SHOP002,73170,Asthalin Inhaler,2026-03-01,2
SHOP002,73158,Cefakind 500,2026-03-01,1
SHOP001,73130,Pantop DSR,2026-03-01,9
SHOP001,73161,Aztor 10,2026-03-01,9
SHOP001,73155,Thyronorm 50,2026-03-01,5
SHOP002,73176,Calpol 500,2026-03-01,1
SHOP002,73162,Cipcal 500,2026-03-01,3
SHOP002,73161,Aztor 10,2026-03-02,4
SHOP002,73160,Meftal Spas,2026-03-02,2
SHOP002,73148,Cyclopam,2026-03-02,2
SHOP002,73166,Ofal-OZ,2026-03-02,1
SHOP002,73160,Meftal Spas,2026-03-03,2
SHOP001,73145,Benadryl Syrup,2026-03-03,4
SHOP002,73154,Gelusil MPS,2026-03-03,25
SHOP001,73139,Ondem 4mg,2026-03-03,5
SHOP002,73157,Eldoper Caps,2026-03-04,1
SHOP001,73158,Cefakind 500,2026-03-04,4
SHOP002,73149,Becosules Caps,2026-03-04,2
SHOP001,73166,Ofal-OZ,2026-03-04,2
SHOP002,73154,Gelusil MPS,2026-03-05,26
SHOP001,73156,Ecosprin 75,2026-03-05,3
SHOP002,73166,Ofal-OZ,2026-03-05,2
SHOP001,73166,Ofal-OZ,2026-03-05,4
SHOP002,73146,Janumet 50/500,2026-03-06,8
SHOP002,73160,Meftal Spas,2026-03-06,5
SHOP001,73161,Aztor 10,2026-03-06,7
SHOP001,73140,Atorva 10,2026-03-06,7
SHOP002,73173,Neurobion Forte,2026-03-06,4
SHOP001,73133,Azithral 500,2026-03-07,5
SHOP002,73177,Voveran SR 100,2026-03-07,1
SHOP002,73154,Gelusil MPS,2026-03-07,20
SHOP001,73144,Combiflam,2026-03-07,4
SHOP002,73164,Limcee 500,2026-03-07,2
SHOP002,73179,Itaspor 100,2026-03-07,5
SHOP002,73148,Cyclopam,2026-03-08,3
SHOP001,73137,Electral Powder,2026-03-08,13
SHOP001,73149,Becosules Caps,2026-03-08,3
SHOP001,73176,Calpol 500,2026-03-09,1
SHOP002,73147,Amlokind 5,2026-03-09,6
SHOP002,73136,Telmikind 40,2026-03-09,7
SHOP001,73148,Cyclopam,2026-03-09,2
SHOP002,73152,Zocon 150,2026-03-10,4
SHOP002,73146,Janumet 50/500,2026-03-10,4
SHOP002,73152,Zocon 150,2026-03-10,2
SHOP001,73178,Ovez-D,2026-03-10,4
SHOP002,73174,Dulcoflex 5mg,2026-03-10,4
SHOP002,73159,Taxim O 200,2026-03-10,1
SHOP002,73132,Montair LC,2026-03-10,1
SHOP001,73145,Benadryl Syrup,2026-03-10,3
SHOP002,73134,Ascoril LS Syrup,2026-03-10,4
SHOP002,73139,Ondem 4mg,2026-03-10,2
SHOP001,73161,Aztor 10,2026-03-10,5
SHOP001,73139,Ondem 4mg,2026-03-10,1
SHOP001,73157,Eldoper Caps,2026-03-11,5
SHOP002,73133,Azithral 500,2026-03-11,1
SHOP002,73147,Amlokind 5,2026-03-11,7
SHOP001,73156,Ecosprin 75,2026-03-11,8
SHOP001,73147,Amlokind 5,2026-03-11,4
SHOP002,73138,Moxikind CV 625,2026-03-11,5
SHOP001,73166,Ofal-OZ,2026-03-11,4
SHOP001,73141,Pan 40,2026-03-12,22
SHOP001,73172,Evion 400,2026-03-12,3
SHOP001,73169,Foracort 200,2026-03-13,2
SHOP002,73168,Rabekind D,2026-03-13,3
SHOP002,73141,Pan 40,2026-03-13,26
SHOP002,73177,Voveran SR 100,2026-03-13,4
SHOP002,73133,Azithral 500,2026-03-13,5
SHOP002,73174,Dulcoflex 5mg,2026-03-14,3
SHOP001,73152,Zocon 150,2026-03-14,1
SHOP002,73156,Ecosprin 75,2026-03-14,10
SHOP001,73178,Ovez-D,2026-03-14,3
SHOP002,73179,Itaspor 100,2026-03-14,1
SHOP001,73149,Becosules Caps,2026-03-14,1
SHOP001,73140,Atorva 10,2026-03-14,9
SHOP002,73134,Ascoril LS Syrup,2026-03-15,5
SHOP002,73131,Dolo 650,2026-03-15,2
SHOP002,73153,Deriphyllin 150,2026-03-15,2
SHOP002,73156,Ecosprin 75,2026-03-16,8
SHOP002,73139,Ondem 4mg,2026-03-16,1
SHOP001,73160,Meftal Spas,2026-03-16,1
SHOP001,73149,Becosules Caps,2026-03-17,3
SHOP002,73146,Janumet 50/500,2026-03-17,7
SHOP002,73144,Combiflam,2026-03-17,4
SHOP002,73172,Evion 400,2026-03-17,1
SHOP002,73168,Rabekind D,2026-03-17,2
SHOP002,73168,Rabekind D,2026-03-17,2
SHOP001,73142,Ciplox 500,2026-03-18,1
SHOP001,73175,Avil 25,2026-03-18,4
SHOP002,73142,Ciplox 500,2026-03-18,1
SHOP002,73133,Azithral 500,2026-03-18,4
SHOP001,73141,Pan 40,2026-03-18,13
SHOP001,73167,Zerodol SP,2026-03-19,3
SHOP002,73153,Deriphyllin 150,2026-03-19,4
SHOP001,73173,Neurobion Forte,2026-03-19,5
SHOP002,73154,Gelusil MPS,2026-03-19,30
SHOP002,73168,Rabekind D,2026-03-19,3
SHOP002,73170,Asthalin Inhaler,2026-03-20,4
SHOP001,73137,Electral Powder,2026-03-20,12
SHOP002,73157,Eldoper Caps,2026-03-20,5
SHOP002,73166,Ofal-OZ,2026-03-20,3
SHOP002,73139,Ondem 4mg,2026-03-21,4
SHOP002,73131,Dolo 650,2026-03-21,5
SHOP001,73135,Glycomet GP2,2026-03-21,3
SHOP002,73155,Thyronorm 50,2026-03-21,4
SHOP001,73178,Ovez-D,2026-03-21,1
SHOP002,73150,Shelcal 500,2026-03-22,1
SHOP001,73148,Cyclopam,2026-03-22,4
SHOP001,73134,Ascoril LS Syrup,2026-03-22,3
SHOP002,73131,Dolo 650,2026-03-23,4
SHOP001,73135,Glycomet GP2,2026-03-23,10
SHOP002,73167,Zerodol SP,2026-03-23,2
SHOP002,73142,Ciplox 500,2026-03-23,3
SHOP001,73154,Gelusil MPS,2026-03-23,14
SHOP002,73177,Voveran SR 100,2026-03-24,4
SHOP001,73134,Ascoril LS Syrup,2026-03-24,3
SHOP001,73156,Ecosprin 75,2026-03-24,8
SHOP001,73160,Meftal Spas,2026-03-24,3
SHOP001,73170,Asthalin Inhaler,2026-03-24,5
SHOP002,73174,Dulcoflex 5mg,2026-03-25,1
SHOP001,73168,Rabekind D,2026-03-25,1
SHOP002,73164,Limcee 500,2026-03-25,4
SHOP002,73163,Metolar XR 25,2026-03-25,5
SHOP001,73162,Cipcal 500,2026-03-25,2
SHOP002,73178,Ovez-D,2026-03-25,1
SHOP001,73170,Asthalin Inhaler,2026-03-26,4
SHOP001,73131,Dolo 650,2026-03-26,4
SHOP001,73157,Eldoper Caps,2026-03-26,2
SHOP002,73179,Itaspor 100,2026-03-26,4
SHOP001,73167,Zerodol SP,2026-03-26,1
SHOP002,73160,Meftal Spas,2026-03-27,4
SHOP001,73161,Aztor 10,2026-03-28,9
SHOP002,73162,Cipcal 500,2026-03-28,5
SHOP001,73157,Eldoper Caps,2026-03-28,1
SHOP001,73134,Ascoril LS Syrup,2026-03-28,3
SHOP002,73179,Itaspor 100,2026-03-28,3
SHOP002,73153,Deriphyllin 150,2026-03-28,2
SHOP002,73148,Cyclopam,2026-03-29,2
SHOP002,73168,Rabekind D,2026-03-29,1
SHOP002,73176,Calpol 500,2026-03-29,1
SHOP001,73173,Neurobion Forte,2026-03-29,2
SHOP001,73162,Cipcal 500,2026-03-29,4
SHOP002,73171,Alex Cough Syrup,2026-03-29,4
SHOP001,73158,Cefakind 500,2026-03-29,1
SHOP001,73143,Allegra 120,2026-03-29,3
SHOP001,73134,Ascoril LS Syrup,2026-03-29,4
SHOP002,73132,Montair LC,2026-03-30,1
SHOP001,73172,Evion 400,2026-03-31,3
SHOP002,73178,Ovez-D,2026-03-31,4
SHOP001,73174,Dulcoflex 5mg,2026-03-31,3
SHOP001,73166,Ofal-OZ,2026-04-01,4
SHOP001,73152,Zocon 150,2026-04-01,4
SHOP002,73156,Ecosprin 75,2026-04-01,8
SHOP002,73144,Combiflam,2026-04-02,3
SHOP001,73143,Allegra 120,2026-04-02,4
SHOP002,73170,Asthalin Inhaler,2026-04-02,2
SHOP002,73149,Becosules Caps,2026-04-02,3
SHOP001,73164,Limcee 500,2026-04-02,5
SHOP001,73143,Allegra 120,2026-04-03,3
SHOP001,73146,Janumet 50/500,2026-04-03,6
SHOP002,73141,Pan 40,2026-04-03,30
SHOP002,73151,Celin 500,2026-04-03,3
SHOP001,73147,Amlokind 5,2026-04-05,4
SHOP001,73143,Allegra 120,2026-04-05,2
SHOP001,73176,Calpol 500,2026-04-05,3
SHOP002,73131,Dolo 650,2026-04-05,2
SHOP002,73166,Ofal-OZ,2026-04-05,1
SHOP002,73150,Shelcal 500,2026-04-06,4
SHOP001,73132,Montair LC,2026-04-06,2
SHOP001,73132,Montair LC,2026-04-06,5
SHOP001,73157,Eldoper Caps,2026-04-06,1
SHOP002,73169,Foracort 200,2026-04-07,5
SHOP001,73153,Deriphyllin 150,2026-04-07,5
SHOP001,73141,Pan 40,2026-04-07,9
SHOP002,73169,Foracort 200,2026-04-07,3
SHOP002,73157,Eldoper Caps,2026-04-07,3
SHOP002,73159,Taxim O 200,2026-04-08,3
SHOP001,73145,Benadryl Syrup,2026-04-08,2
SHOP001,73175,Avil 25,2026-04-08,4
SHOP001,73179,Itaspor 100,2026-04-09,4
SHOP001,73136,Telmikind 40,2026-04-09,3
SHOP001,73138,Moxikind CV 625,2026-04-09,4
SHOP002,73177,Voveran SR 100,2026-04-09,3
SHOP002,73140,Atorva 10,2026-04-10,8
SHOP002,73154,Gelusil MPS,2026-04-10,27
SHOP001,73162,Cipcal 500,2026-04-10,1
SHOP002,73167,Zerodol SP,2026-04-10,2
SHOP001,73176,Calpol 500,2026-04-10,3
SHOP001,73159,Taxim O 200,2026-04-10,1
SHOP002,73145,Benadryl Syrup,2026-04-10,5
SHOP002,73158,Cefakind 500,2026-04-10,1
SHOP002,73141,Pan 40,2026-04-10,28
SHOP001,73157,Eldoper Caps,2026-04-10,1
SHOP001,73149,Becosules Caps,2026-04-10,2
SHOP002,73168,Rabekind D,2026-04-10,1
SHOP001,73164,Limcee 500,2026-04-11,2
SHOP002,73165,Lupisulide P,2026-04-11,4
SHOP002,73171,Alex Cough Syrup,2026-04-11,1
SHOP002,73138,Moxikind CV 625,2026-04-11,5
SHOP002,73166,Ofal-OZ,2026-04-11,5
SHOP002,73133,Azithral 500,2026-04-12,5
SHOP002,73170,Asthalin Inhaler,2026-04-12,5
SHOP002,73173,Neurobion Forte,2026-04-12,4
SHOP002,73147,Amlokind 5,2026-04-12,10
SHOP002,73132,Montair LC,2026-04-12,2
SHOP002,73169,Foracort 200,2026-04-12,2
SHOP001,73169,Foracort 200,2026-04-12,2
SHOP001,73154,Gelusil MPS,2026-04-13,27
SHOP001,73145,Benadryl Syrup,2026-04-13,5
SHOP002,73163,Metolar XR 25,2026-04-13,7
SHOP001,73153,Deriphyllin 150,2026-04-13,2
SHOP002,73154,Gelusil MPS,2026-04-13,21
SHOP001,73143,Allegra 120,2026-04-14,5
SHOP001,73170,Asthalin Inhaler,2026-04-14,3
SHOP001,73175,Avil 25,2026-04-14,3
SHOP001,73137,Electral Powder,2026-04-14,27
SHOP001,73166,Ofal-OZ,2026-04-14,2
SHOP001,73148,Cyclopam,2026-04-14,2
SHOP002,73167,Zerodol SP,2026-04-15,1
SHOP002,73130,Pantop DSR,2026-04-15,19
SHOP001,73130,Pantop DSR,2026-04-15,12
SHOP001,73167,Zerodol SP,2026-04-15,1
SHOP001,73133,Azithral 500,2026-04-15,4
SHOP001,73146,Janumet 50/500,2026-04-15,6
SHOP002,73164,Limcee 500,2026-04-16,3
SHOP002,73172,Evion 400,2026-04-16,1
SHOP001,73135,Glycomet GP2,2026-04-17,7
SHOP001,73147,Amlokind 5,2026-04-17,10
SHOP002,73166,Ofal-OZ,2026-04-17,1
SHOP001,73138,Moxikind CV 625,2026-04-17,3
SHOP002,73149,Becosules Caps,2026-04-17,3
SHOP001,73163,Metolar XR 25,2026-04-17,10
SHOP002,73167,Zerodol SP,2026-04-18,4
SHOP001,73171,Alex Cough Syrup,2026-04-18,2
SHOP001,73148,Cyclopam,2026-04-18,1
SHOP001,73133,Azithral 500,2026-04-18,3
SHOP002,73133,Azithral 500,2026-04-19,2
SHOP001,73134,Ascoril LS Syrup,2026-04-19,4
SHOP001,73142,Ciplox 500,2026-04-19,2
SHOP001,73140,Atorva 10,2026-04-20,9
SHOP001,73171,Alex Cough Syrup,2026-04-20,2
SHOP002,73147,Amlokind 5,2026-04-20,8
SHOP002,73157,Eldoper Caps,2026-04-21,2
SHOP002,73169,Foracort 200,2026-04-21,5
SHOP002,73151,Celin 500,2026-04-21,1
SHOP002,73156,Ecosprin 75,2026-04-22,8
SHOP001,73153,Deriphyllin 150,2026-04-22,3
SHOP002,73173,Neurobion Forte,2026-04-22,5
SHOP001,73177,Voveran SR 100,2026-04-22,2
SHOP001,73147,Amlokind 5,2026-04-23,6
SHOP001,73132,Montair LC,2026-04-23,2
SHOP002,73167,Zerodol SP,2026-04-24,5
SHOP001,73169,Foracort 200,2026-04-24,5
SHOP002,73142,Ciplox 500,2026-04-25,1
SHOP002,73141,Pan 40,2026-04-26,23
SHOP002,73132,Montair LC,2026-04-26,1
SHOP002,73158,Cefakind 500,2026-04-26,3
SHOP002,73140,Atorva 10,2026-04-26,10
SHOP002,73169,Foracort 200,2026-04-26,1
SHOP001,73152,Zocon 150,2026-04-26,4
SHOP001,73139,Ondem 4mg,2026-04-26,2
SHOP001,73177,Voveran SR 100,2026-04-27,5
SHOP002,73140,Atorva 10,2026-04-27,9
SHOP001,73144,Combiflam,2026-04-27,2
SHOP001,73170,Asthalin Inhaler,2026-04-27,2
SHOP001,73170,Asthalin Inhaler,2026-04-27,5
SHOP001,73140,Atorva 10,2026-04-27,9
SHOP002,73147,Amlokind 5,2026-04-27,9
SHOP001,73142,Ciplox 500,2026-04-27,3
SHOP001,73145,Benadryl Syrup,2026-04-28,2
SHOP002,73133,Azithral 500,2026-04-28,4
SHOP001,73175,Avil 25,2026-04-28,2
SHOP001,73178,Ovez-D,2026-04-28,2
SHOP001,73131,Dolo 650,2026-04-28,5
SHOP002,73157,Eldoper Caps,2026-04-28,5
SHOP001,73160,Meftal Spas,2026-04-30,4
SHOP001,73141,Pan 40,2026-04-30,23
SHOP002,73178,Ovez-D,2026-04-30,4
SHOP001,73171,Alex Cough Syrup,2026-05-01,2
SHOP001,73171,Alex Cough Syrup,2026-05-01,2
SHOP002,73139,Ondem 4mg,2026-05-01,5
SHOP002,73139,Ondem 4mg,2026-05-01,5
SHOP001,73140,Atorva 10,2026-05-01,6
SHOP001,73164,Limcee 500,2026-05-01,2
SHOP002,73167,Zerodol SP,2026-05-01,4
SHOP001,73161,Aztor 10,2026-05-01,10
SHOP001,73178,Ovez-D,2026-05-02,2
SHOP002,73174,Dulcoflex 5mg,2026-05-02,5
SHOP002,73149,Becosules Caps,2026-05-02,1
SHOP002,73134,Ascoril LS Syrup,2026-05-02,5
SHOP001,73147,Amlokind 5,2026-05-02,8
SHOP002,73135,Glycomet GP2,2026-05-03,3
SHOP001,73153,Deriphyllin 150,2026-05-03,5
SHOP002,73160,Meftal Spas,2026-05-03,5
SHOP002,73179,Itaspor 100,2026-05-03,3
SHOP001,73158,Cefakind 500,2026-05-03,3
SHOP001,73137,Electral Powder,2026-05-03,13
SHOP002,73166,Ofal-OZ,2026-05-03,5
SHOP001,73135,Glycomet GP2,2026-05-04,9
SHOP001,73162,Cipcal 500,2026-05-04,5
SHOP002,73171,Alex Cough Syrup,2026-05-04,4
SHOP002,73130,Pantop DSR,2026-05-04,25
SHOP001,73146,Janumet 50/500,2026-05-05,8
SHOP002,73155,Thyronorm 50,2026-05-05,1
SHOP002,73150,Shelcal 500,2026-05-05,2
SHOP001,73137,Electral Powder,2026-05-05,21
SHOP001,73144,Combiflam,2026-05-05,4
SHOP001,73159,Taxim O 200,2026-05-05,5
SHOP001,73145,Benadryl Syrup,2026-05-06,1
SHOP001,73142,Ciplox 500,2026-05-06,5
SHOP001,73138,Moxikind CV 625,2026-05-06,1
SHOP002,73158,Cefakind 500,2026-05-07,3
SHOP002,73152,Zocon 150,2026-05-07,5
SHOP002,73141,Pan 40,2026-05-08,12
SHOP001,73171,Alex Cough Syrup,2026-05-08,2
SHOP001,73151,Celin 500,2026-05-08,2
SHOP001,73144,Combiflam,2026-05-09,4
SHOP002,73172,Evion 400,2026-05-09,4
SHOP002,73168,Rabekind D,2026-05-09,3
SHOP002,73160,Meftal Spas,2026-05-09,2
SHOP001,73146,Janumet 50/500,2026-05-09,9
SHOP001,73170,Asthalin Inhaler,2026-05-09,4
SHOP001,73178,Ovez-D,2026-05-09,4
SHOP002,73134,Ascoril LS Syrup,2026-05-09,3
SHOP001,73151,Celin 500,2026-05-09,3
SHOP001,73166,Ofal-OZ,2026-05-09,5
SHOP001,73142,Ciplox 500,2026-05-10,3
SHOP001,73161,Aztor 10,2026-05-10,4
SHOP001,73148,Cyclopam,2026-05-10,4
SHOP001,73141,Pan 40,2026-05-10,13
SHOP001,73157,Eldoper Caps,2026-05-10,2
SHOP002,73131,Dolo 650,2026-05-10,1
SHOP001,73173,Neurobion Forte,2026-05-10,4
SHOP002,73149,Becosules Caps,2026-05-11,5
SHOP002,73160,Meftal Spas,2026-05-11,5
SHOP002,73157,Eldoper Caps,2026-05-11,5
SHOP001,73178,Ovez-D,2026-05-11,3
SHOP002,73179,Itaspor 100,2026-05-11,3
SHOP002,73151,Celin 500,2026-05-11,5
SHOP001,73153,Deriphyllin 150,2026-05-11,3
SHOP001,73131,Dolo 650,2026-05-12,5
SHOP001,73147,Amlokind 5,2026-05-12,4
SHOP002,73131,Dolo 650,2026-05-12,4
SHOP001,73137,Electral Powder,2026-05-12,8
SHOP002,73156,Ecosprin 75,2026-05-13,6
SHOP001,73144,Combiflam,2026-05-13,2
SHOP001,73136,Telmikind 40,2026-05-13,9
SHOP002,73132,Montair LC,2026-05-13,2
SHOP002,73152,Zocon 150,2026-05-14,2
SHOP002,73151,Celin 500,2026-05-14,3
SHOP002,73168,Rabekind D,2026-05-14,1
SHOP002,73132,Montair LC,2026-05-14,2
SHOP002,73135,Glycomet GP2,2026-05-15,7
SHOP002,73149,Becosules Caps,2026-05-15,2
SHOP002,73171,Alex Cough Syrup,2026-05-15,5
SHOP001,73174,Dulcoflex 5mg,2026-05-16,4
SHOP001,73137,Electral Powder,2026-05-16,17
SHOP001,73176,Calpol 500,2026-05-16,1
SHOP002,73144,Combiflam,2026-05-17,2
SHOP002,73133,Azithral 500,2026-05-17,3
SHOP002,73150,Shelcal 500,2026-05-17,4
SHOP002,73159,Taxim O 200,2026-05-17,2
SHOP001,73166,Ofal-OZ,2026-05-17,3
SHOP001,73156,Ecosprin 75,2026-05-18,10
SHOP001,73130,Pantop DSR,2026-05-18,17
SHOP002,73173,Neurobion Forte,2026-05-18,3
SHOP001,73150,Shelcal 500,2026-05-18,4
SHOP002,73131,Dolo 650,2026-05-18,1
SHOP001,73178,Ovez-D,2026-05-18,5
SHOP002,73134,Ascoril LS Syrup,2026-05-18,1
SHOP002,73156,Ecosprin 75,2026-05-19,8
SHOP002,73138,Moxikind CV 625,2026-05-19,3
SHOP002,73149,Becosules Caps,2026-05-19,1
SHOP001,73160,Meftal Spas,2026-05-19,3
SHOP001,73159,Taxim O 200,2026-05-19,1
SHOP001,73136,Telmikind 40,2026-05-19,9
SHOP001,73178,Ovez-D,2026-05-20,5
SHOP001,73168,Rabekind D,2026-05-20,3
SHOP002,73137,Electral Powder,2026-05-20,9
SHOP002,73142,Ciplox 500,2026-05-20,3
SHOP002,73144,Combiflam,2026-05-21,1
SHOP001,73176,Calpol 500,2026-05-21,5
SHOP001,73151,Celin 500,2026-05-21,4
SHOP001,73165,Lupisulide P,2026-05-21,2
SHOP001,73155,Thyronorm 50,2026-05-21,3
SHOP001,73153,Deriphyllin 150,2026-05-21,5
SHOP002,73137,Electral Powder,2026-05-22,23
SHOP002,73169,Foracort 200,2026-05-22,3
SHOP002,73148,Cyclopam,2026-05-22,5
SHOP001,73140,Atorva 10,2026-05-22,9
SHOP002,73175,Avil 25,2026-05-22,4
SHOP002,73173,Neurobion Forte,2026-05-22,4
SHOP001,73144,Combiflam,2026-05-22,2
SHOP002,73141,Pan 40,2026-05-22,14
SHOP002,73130,Pantop DSR,2026-05-22,29
SHOP002,73160,Meftal Spas,2026-05-22,4
SHOP002,73179,Itaspor 100,2026-05-23,4
SHOP002,73140,Atorva 10,2026-05-23,4
SHOP002,73175,Avil 25,2026-05-23,3
SHOP001,73177,Voveran SR 100,2026-05-23,3
SHOP001,73138,Moxikind CV 625,2026-05-23,5
SHOP001,73148,Cyclopam,2026-05-23,4
SHOP002,73140,Atorva 10,2026-05-24,7
SHOP001,73174,Dulcoflex 5mg,2026-05-24,4
SHOP002,73162,Cipcal 500,2026-05-24,3
SHOP002,73162,Cipcal 500,2026-05-25,3
SHOP002,73163,Metolar XR 25,2026-05-25,4
SHOP002,73171,Alex Cough Syrup,2026-05-25,3
SHOP002,73136,Telmikind 40,2026-05-25,8
SHOP002,73161,Aztor 10,2026-05-26,10
SHOP001,73168,Rabekind D,2026-05-26,4
SHOP002,73162,Cipcal 500,2026-05-26,3
SHOP002,73142,Ciplox 500,2026-05-26,2
SHOP002,73150,Shelcal 500,2026-05-27,2
SHOP002,73137,Electral Powder,2026-05-27,16
SHOP002,73156,Ecosprin 75,2026-05-27,8
SHOP002,73177,Voveran SR 100,2026-05-27,3
SHOP001,73170,Asthalin Inhaler,2026-05-27,3
SHOP002,73151,Celin 500,2026-05-27,2
SHOP001,73162,Cipcal 500,2026-05-28,1
SHOP002,73167,Zerodol SP,2026-05-28,3
SHOP001,73152,Zocon 150,2026-05-28,5
SHOP001,73173,Neurobion Forte,2026-05-28,4
SHOP001,73152,Zocon 150,2026-05-28,1
SHOP001,73162,Cipcal 500,2026-05-28,5
SHOP002,73138,Moxikind CV 625,2026-05-29,1
SHOP001,73158,Cefakind 500,2026-05-29,2
SHOP002,73157,Eldoper Caps,2026-05-29,4
SHOP001,73160,Meftal Spas,2026-05-29,5
SHOP001,73133,Azithral 500,2026-05-29,4
SHOP002,73179,Itaspor 100,2026-05-29,2
SHOP001,73142,Ciplox 500,2026-05-30,5
SHOP002,73147,Amlokind 5,2026-05-30,6
SHOP002,73147,Amlokind 5,2026-05-30,3
SHOP001,73172,Evion 400,2026-05-30,2
SHOP001,73137,Electral Powder,2026-05-30,13
SHOP002,73154,Gelusil MPS,2026-05-30,13
SHOP002,73159,Taxim O 200,2026-05-31,3
SHOP001,73130,Pantop DSR,2026-05-31,21
SHOP002,73151,Celin 500,2026-05-31,1
SHOP001,73161,Aztor 10,2026-06-01,3
SHOP002,73172,Evion 400,2026-06-01,2
SHOP002,73173,Neurobion Forte,2026-06-01,3
SHOP002,73156,Ecosprin 75,2026-06-01,6
SHOP001,73132,Montair LC,2026-06-01,2
SHOP002,73178,Ovez-D,2026-06-01,4
SHOP002,73149,Becosules Caps,2026-06-01,4
SHOP002,73165,Lupisulide P,2026-06-01,4
SHOP002,73156,Ecosprin 75,2026-06-01,5
SHOP001,73165,Lupisulide P,2026-06-02,2
SHOP001,73147,Amlokind 5,2026-06-02,5
SHOP001,73170,Asthalin Inhaler,2026-06-02,4
SHOP002,73146,Janumet 50/500,2026-06-02,4
SHOP001,73156,Ecosprin 75,2026-06-02,9
SHOP001,73166,Ofal-OZ,2026-06-02,5
SHOP002,73155,Thyronorm 50,2026-06-02,1
SHOP002,73138,Moxikind CV 625,2026-06-03,3
SHOP001,73165,Lupisulide P,2026-06-03,1
SHOP002,73176,Calpol 500,2026-06-03,2
SHOP001,73152,Zocon 150,2026-06-03,4
SHOP001,73157,Eldoper Caps,2026-06-04,3
SHOP001,73140,Atorva 10,2026-06-04,6
SHOP002,73159,Taxim O 200,2026-06-04,5
SHOP002,73140,Atorva 10,2026-06-04,5
SHOP001,73167,Zerodol SP,2026-06-04,5
SHOP001,73172,Evion 400,2026-06-04,3
SHOP001,73159,Taxim O 200,2026-06-04,2
SHOP002,73131,Dolo 650,2026-06-05,3
SHOP001,73174,Dulcoflex 5mg,2026-06-05,5
SHOP001,73134,Ascoril LS Syrup,2026-06-05,3
SHOP002,73166,Ofal-OZ,2026-06-05,5
SHOP002,73152,Zocon 150,2026-06-06,4
SHOP002,73161,Aztor 10,2026-06-06,10
SHOP002,73173,Neurobion Forte,2026-06-06,5
SHOP002,73156,Ecosprin 75,2026-06-07,10
SHOP001,73155,Thyronorm 50,2026-06-07,3
SHOP001,73174,Dulcoflex 5mg,2026-06-07,1
SHOP002,73140,Atorva 10,2026-06-08,10
SHOP001,73174,Dulcoflex 5mg,2026-06-08,2
SHOP001,73152,Zocon 150,2026-06-09,4
SHOP002,73166,Ofal-OZ,2026-06-09,3
SHOP002,73162,Cipcal 500,2026-06-10,5
SHOP002,73144,Combiflam,2026-06-10,1
SHOP001,73179,Itaspor 100,2026-06-10,1
SHOP001,73158,Cefakind 500,2026-06-10,5
SHOP002,73164,Limcee 500,2026-06-10,5
SHOP002,73161,Aztor 10,2026-06-11,7
SHOP002,73172,Evion 400,2026-06-12,5
SHOP002,73164,Limcee 500,2026-06-12,4
SHOP002,73172,Evion 400,2026-06-12,2
SHOP001,73150,Shelcal 500,2026-06-12,2
SHOP001,73134,Ascoril LS Syrup,2026-06-12,2
SHOP001,73150,Shelcal 500,2026-06-12,5
SHOP001,73165,Lupisulide P,2026-06-13,4
SHOP002,73133,Azithral 500,2026-06-13,5
SHOP002,73148,Cyclopam,2026-06-14,5
SHOP001,73135,Glycomet GP2,2026-06-14,8
SHOP002,73157,Eldoper Caps,2026-06-14,2
SHOP001,73135,Glycomet GP2,2026-06-14,9
SHOP002,73169,Foracort 200,2026-06-15,4
SHOP002,73153,Deriphyllin 150,2026-06-15,4
SHOP002,73142,Ciplox 500,2026-06-15,1
SHOP001,73140,Atorva 10,2026-06-15,9
SHOP002,73137,Electral Powder,2026-06-15,29
SHOP002,73150,Shelcal 500,2026-06-15,1
SHOP002,73161,Aztor 10,2026-06-15,3
SHOP001,73139,Ondem 4mg,2026-06-16,4
SHOP002,73130,Pantop DSR,2026-06-16,30
SHOP002,73151,Celin 500,2026-06-16,2
SHOP001,73157,Eldoper Caps,2026-06-16,2
SHOP001,73165,Lupisulide P,2026-06-16,3
SHOP002,73174,Dulcoflex 5mg,2026-06-17,3
SHOP001,73136,Telmikind 40,2026-06-17,3
SHOP001,73136,Telmikind 40,2026-06-17,6
SHOP002,73167,Zerodol SP,2026-06-18,1
SHOP001,73148,Cyclopam,2026-06-18,4
SHOP001,73158,Cefakind 500,2026-06-18,2
SHOP002,73171,Alex Cough Syrup,2026-06-18,3
SHOP002,73161,Aztor 10,2026-06-19,6
SHOP002,73153,Deriphyllin 150,2026-06-19,1
SHOP001,73152,Zocon 150,2026-06-20,4
SHOP002,73156,Ecosprin 75,2026-06-20,5
SHOP002,73169,Foracort 200,2026-06-20,5
SHOP002,73139,Ondem 4mg,2026-06-20,5
SHOP001,73131,Dolo 650,2026-06-20,4
SHOP001,73154,Gelusil MPS,2026-06-20,22
SHOP001,73155,Thyronorm 50,2026-06-21,3
SHOP001,73157,Eldoper Caps,2026-06-21,2
SHOP001,73150,Shelcal 500,2026-06-21,5
SHOP002,73157,Eldoper Caps,2026-06-21,2
SHOP002,73171,Alex Cough Syrup,2026-06-22,3
SHOP002,73174,Dulcoflex 5mg,2026-06-22,4
SHOP002,73141,Pan 40,2026-06-22,19
SHOP001,73156,Ecosprin 75,2026-06-23,4
SHOP002,73130,Pantop DSR,2026-06-23,21
SHOP002,73175,Avil 25,2026-06-23,4
SHOP001,73154,Gelusil MPS,2026-06-23,9
SHOP001,73141,Pan 40,2026-06-23,10
SHOP001,73166,Ofal-OZ,2026-06-23,2
SHOP001,73177,Voveran SR 100,2026-06-23,1
SHOP002,73134,Ascoril LS Syrup,2026-06-23,3
SHOP001,73174,Dulcoflex 5mg,2026-06-24,1
SHOP001,73171,Alex Cough Syrup,2026-06-24,4
SHOP002,73175,Avil 25,2026-06-24,1
SHOP001,73157,Eldoper Caps,2026-06-25,5
SHOP002,73168,Rabekind D,2026-06-25,4
SHOP001,73151,Celin 500,2026-06-25,1
SHOP001,73175,Avil 25,2026-06-26,2
SHOP001,73156,Ecosprin 75,2026-06-26,10
SHOP001,73172,Evion 400,2026-06-26,5
SHOP002,73163,Metolar XR 25,2026-06-27,4
SHOP002,73144,Combiflam,2026-06-27,4
SHOP002,73151,Celin 500,2026-06-27,4
SHOP002,73156,Ecosprin 75,2026-06-27,5
SHOP002,73179,Itaspor 100,2026-06-27,5
SHOP001,73170,Asthalin Inhaler,2026-06-28,2
SHOP002,73155,Thyronorm 50,2026-06-28,1
SHOP002,73159,Taxim O 200,2026-06-28,5
SHOP002,73152,Zocon 150,2026-06-28,3
SHOP001,73131,Dolo 650,2026-06-28,1
SHOP002,73157,Eldoper Caps,2026-06-28,5
SHOP001,73148,Cyclopam,2026-06-28,4
SHOP002,73168,Rabekind D,2026-06-28,2
SHOP002,73174,Dulcoflex 5mg,2026-06-28,2
SHOP002,73157,Eldoper Caps,2026-06-29,5
SHOP002,73130,Pantop DSR,2026-06-29,24
SHOP002,73158,Cefakind 500,2026-06-30,5
SHOP002,73175,Avil 25,2026-06-30,5
SHOP001,73158,Cefakind 500,2026-06-30,1
SHOP002,73168,Rabekind D,2026-06-30,5
SHOP002,73152,Zocon 150,2026-07-01,3
SHOP001,73149,Becosules Caps,2026-07-01,1
SHOP001,73148,Cyclopam,2026-07-01,1
SHOP001,73162,Cipcal 500,2026-07-01,2
SHOP002,73150,Shelcal 500,2026-07-01,4
SHOP001,73170,Asthalin Inhaler,2026-07-01,1
SHOP002,73139,Ondem 4mg,2026-07-02,10
SHOP002,73136,Telmikind 40,2026-07-02,5
SHOP001,73171,Alex Cough Syrup,2026-07-02,5
SHOP001,73158,Cefakind 500,2026-07-02,4
SHOP001,73168,Rabekind D,2026-07-02,1
SHOP002,73172,Evion 400,2026-07-02,3
SHOP002,73164,Limcee 500,2026-07-02,1
SHOP001,73141,Pan 40,2026-07-02,1
SHOP001,73133,Azithral 500,2026-07-03,18
SHOP001,73163,Metolar XR 25,2026-07-03,5
SHOP002,73141,Pan 40,2026-07-03,2
SHOP001,73170,Asthalin Inhaler,2026-07-03,5
SHOP002,73160,Meftal Spas,2026-07-04,1
SHOP002,73159,Taxim O 200,2026-07-04,4
SHOP001,73138,Moxikind CV 625,2026-07-04,4
SHOP002,73136,Telmikind 40,2026-07-04,10
SHOP002,73138,Moxikind CV 625,2026-07-04,4
SHOP001,73140,Atorva 10,2026-07-05,10
SHOP002,73177,Voveran SR 100,2026-07-05,1
SHOP001,73174,Dulcoflex 5mg,2026-07-05,1
SHOP001,73155,Thyronorm 50,2026-07-05,1
SHOP002,73150,Shelcal 500,2026-07-05,5
SHOP002,73150,Shelcal 500,2026-07-06,2
SHOP002,73164,Limcee 500,2026-07-06,5
SHOP002,73160,Meftal Spas,2026-07-07,5
SHOP002,73169,Foracort 200,2026-07-07,1
SHOP001,73176,Calpol 500,2026-07-07,24
SHOP001,73164,Limcee 500,2026-07-07,3
SHOP002,73161,Aztor 10,2026-07-08,10
SHOP001,73130,Pantop DSR,2026-07-08,4
SHOP002,73165,Lupisulide P,2026-07-08,4
SHOP001,73145,Benadryl Syrup,2026-07-08,2
SHOP002,73131,Dolo 650,2026-07-08,17
SHOP002,73141,Pan 40,2026-07-08,1
SHOP001,73162,Cipcal 500,2026-07-08,3
SHOP001,73138,Moxikind CV 625,2026-07-08,2
SHOP001,73169,Foracort 200,2026-07-09,1
SHOP001,73134,Ascoril LS Syrup,2026-07-09,2
SHOP001,73148,Cyclopam,2026-07-09,2
SHOP001,73160,Meftal Spas,2026-07-09,3
SHOP002,73178,Ovez-D,2026-07-09,5
SHOP002,73164,Limcee 500,2026-07-10,5
SHOP002,73141,Pan 40,2026-07-10,4
SHOP002,73156,Ecosprin 75,2026-07-10,6
SHOP002,73164,Limcee 500,2026-07-11,1
SHOP002,73133,Azithral 500,2026-07-11,10
SHOP002,73155,Thyronorm 50,2026-07-11,3
SHOP002,73159,Taxim O 200,2026-07-11,3
SHOP002,73171,Alex Cough Syrup,2026-07-11,2
SHOP002,73170,Asthalin Inhaler,2026-07-11,5
SHOP002,73136,Telmikind 40,2026-07-12,9
SHOP002,73133,Azithral 500,2026-07-12,14
SHOP001,73171,Alex Cough Syrup,2026-07-12,2
SHOP002,73164,Limcee 500,2026-07-12,4
SHOP002,73172,Evion 400,2026-07-13,4
SHOP001,73150,Shelcal 500,2026-07-13,2
SHOP002,73144,Combiflam,2026-07-13,4
SHOP001,73167,Zerodol SP,2026-07-13,4
SHOP001,73154,Gelusil MPS,2026-07-13,4
SHOP001,73155,Thyronorm 50,2026-07-14,4
SHOP001,73140,Atorva 10,2026-07-14,7
SHOP002,73136,Telmikind 40,2026-07-14,6
SHOP001,73151,Celin 500,2026-07-15,5
SHOP001,73161,Aztor 10,2026-07-15,10
SHOP002,73174,Dulcoflex 5mg,2026-07-15,1
SHOP002,73137,Electral Powder,2026-07-16,3
SHOP001,73131,Dolo 650,2026-07-16,22
SHOP002,73159,Taxim O 200,2026-07-16,3
SHOP002,73134,Ascoril LS Syrup,2026-07-16,3
SHOP002,73146,Janumet 50/500,2026-07-16,9
SHOP001,73148,Cyclopam,2026-07-17,4
SHOP001,73166,Ofal-OZ,2026-07-17,14
SHOP001,73146,Janumet 50/500,2026-07-17,9
SHOP002,73176,Calpol 500,2026-07-17,19
SHOP002,73153,Deriphyllin 150,2026-07-18,4
SHOP001,73138,Moxikind CV 625,2026-07-18,1
SHOP002,73138,Moxikind CV 625,2026-07-19,3
SHOP002,73137,Electral Powder,2026-07-19,2
SHOP002,73160,Meftal Spas,2026-07-19,5
SHOP001,73149,Becosules Caps,2026-07-19,1
SHOP002,73147,Amlokind 5,2026-07-20,10
SHOP002,73179,Itaspor 100,2026-07-20,3
SHOP001,73157,Eldoper Caps,2026-07-20,2
SHOP001,73167,Zerodol SP,2026-07-20,3
SHOP002,73174,Dulcoflex 5mg,2026-07-21,2
SHOP002,73144,Combiflam,2026-07-21,3
SHOP001,73136,Telmikind 40,2026-07-21,10
SHOP002,73167,Zerodol SP,2026-07-21,4
SHOP002,73172,Evion 400,2026-07-22,3
SHOP001,73158,Cefakind 500,2026-07-22,5
SHOP001,73167,Zerodol SP,2026-07-22,2
SHOP001,73142,Ciplox 500,2026-07-22,4
SHOP001,73141,Pan 40,2026-07-22,2
SHOP001,73149,Becosules Caps,2026-07-22,3
SHOP002,73136,Telmikind 40,2026-07-23,4
SHOP001,73161,Aztor 10,2026-07-23,5
SHOP001,73143,Allegra 120,2026-07-23,5
SHOP002,73133,Azithral 500,2026-07-24,18
SHOP002,73133,Azithral 500,2026-07-24,10
SHOP001,73168,Rabekind D,2026-07-25,3
SHOP001,73173,Neurobion Forte,2026-07-25,3
SHOP001,73141,Pan 40,2026-07-25,3
SHOP002,73152,Zocon 150,2026-07-25,1
SHOP001,73135,Glycomet GP2,2026-07-25,10
SHOP001,73174,Dulcoflex 5mg,2026-07-26,4
SHOP001,73158,Cefakind 500,2026-07-26,3
SHOP002,73163,Metolar XR 25,2026-07-26,6
SHOP001,73153,Deriphyllin 150,2026-07-26,2
SHOP002,73177,Voveran SR 100,2026-07-26,1
SHOP002,73148,Cyclopam,2026-07-26,3
SHOP002,73137,Electral Powder,2026-07-27,5
SHOP001,73148,Cyclopam,2026-07-27,4
SHOP002,73178,Ovez-D,2026-07-27,4
SHOP001,73166,Ofal-OZ,2026-07-27,11
SHOP002,73173,Neurobion Forte,2026-07-27,3
SHOP002,73153,Deriphyllin 150,2026-07-28,4
SHOP002,73175,Avil 25,2026-07-28,3
SHOP002,73157,Eldoper Caps,2026-07-28,1
SHOP001,73143,Allegra 120,2026-07-28,5
SHOP002,73177,Voveran SR 100,2026-07-29,5
SHOP001,73171,Alex Cough Syrup,2026-07-29,5
SHOP002,73169,Foracort 200,2026-07-29,2
SHOP001,73137,Electral Powder,2026-07-29,1
SHOP002,73155,Thyronorm 50,2026-07-29,2
SHOP001,73132,Montair LC,2026-07-29,2
SHOP002,73156,Ecosprin 75,2026-07-30,5
SHOP001,73155,Thyronorm 50,2026-07-30,1
SHOP002,73155,Thyronorm 50,2026-07-30,5
SHOP001,73154,Gelusil MPS,2026-07-31,5
SHOP002,73140,Atorva 10,2026-07-31,8
SHOP002,73130,Pantop DSR,2026-08-01,5
SHOP002,73177,Voveran SR 100,2026-08-01,5
SHOP002,73132,Montair LC,2026-08-01,1
SHOP001,73131,Dolo 650,2026-08-01,7
SHOP001,73159,Taxim O 200,2026-08-01,3
SHOP001,73167,Zerodol SP,2026-08-01,5
SHOP001,73166,Ofal-OZ,2026-08-01,23
SHOP001,73178,Ovez-D,2026-08-02,2
SHOP001,73150,Shelcal 500,2026-08-02,1
SHOP001,73150,Shelcal 500,2026-08-02,5
SHOP002,73169,Foracort 200,2026-08-02,3
SHOP001,73140,Atorva 10,2026-08-03,5
SHOP001,73163,Metolar XR 25,2026-08-03,6
SHOP001,73152,Zocon 150,2026-08-03,5
SHOP002,73134,Ascoril LS Syrup,2026-08-03,2
SHOP002,73151,Celin 500,2026-08-03,4
SHOP001,73152,Zocon 150,2026-08-03,3
SHOP001,73134,Ascoril LS Syrup,2026-08-03,5
SHOP001,73149,Becosules Caps,2026-08-04,2
SHOP001,73178,Ovez-D,2026-08-04,5
SHOP002,73153,Deriphyllin 150,2026-08-04,1
SHOP002,73144,Combiflam,2026-08-05,5
SHOP001,73151,Celin 500,2026-08-05,2
SHOP002,73133,Azithral 500,2026-08-05,13
SHOP001,73166,Ofal-OZ,2026-08-05,21
SHOP001,73133,Azithral 500,2026-08-05,11
SHOP002,73147,Amlokind 5,2026-08-05,10
SHOP001,73135,Glycomet GP2,2026-08-05,4
SHOP002,73152,Zocon 150,2026-08-06,3
SHOP001,73176,Calpol 500,2026-08-06,16
SHOP001,73141,Pan 40,2026-08-06,2
SHOP002,73141,Pan 40,2026-08-06,5
SHOP001,73155,Thyronorm 50,2026-08-06,1
SHOP001,73141,Pan 40,2026-08-06,2
SHOP002,73172,Evion 400,2026-08-06,5
SHOP002,73139,Ondem 4mg,2026-08-07,11
SHOP001,73154,Gelusil MPS,2026-08-07,4
SHOP001,73153,Deriphyllin 150,2026-08-07,5
SHOP002,73133,Azithral 500,2026-08-07,6
SHOP001,73163,Metolar XR 25,2026-08-07,6
SHOP001,73161,Aztor 10,2026-08-07,8
SHOP002,73150,Shelcal 500,2026-08-08,5
SHOP001,73151,Celin 500,2026-08-09,2
SHOP002,73139,Ondem 4mg,2026-08-09,17
SHOP001,73153,Deriphyllin 150,2026-08-09,3
SHOP002,73169,Foracort 200,2026-08-09,1
SHOP001,73136,Telmikind 40,2026-08-09,4
SHOP002,73132,Montair LC,2026-08-09,5
SHOP002,73166,Ofal-OZ,2026-08-09,15
SHOP001,73166,Ofal-OZ,2026-08-09,9
SHOP002,73179,Itaspor 100,2026-08-09,4
SHOP002,73145,Benadryl Syrup,2026-08-09,5
SHOP002,73134,Ascoril LS Syrup,2026-08-09,1
SHOP001,73163,Metolar XR 25,2026-08-09,10
SHOP002,73147,Amlokind 5,2026-08-10,5
SHOP002,73179,Itaspor 100,2026-08-10,5
SHOP002,73135,Glycomet GP2,2026-08-10,10
SHOP002,73159,Taxim O 200,2026-08-10,5
SHOP001,73140,Atorva 10,2026-08-11,7
SHOP001,73163,Metolar XR 25,2026-08-11,9
SHOP002,73175,Avil 25,2026-08-11,4
SHOP002,73137,Electral Powder,2026-08-11,5
SHOP001,73157,Eldoper Caps,2026-08-11,5
SHOP002,73176,Calpol 500,2026-08-11,21
SHOP001,73175,Avil 25,2026-08-12,2
SHOP001,73138,Moxikind CV 625,2026-08-12,3
SHOP001,73170,Asthalin Inhaler,2026-08-12,5
SHOP001,73146,Janumet 50/500,2026-08-12,9
SHOP001,73146,Janumet 50/500,2026-08-12,9
SHOP001,73146,Janumet 50/500,2026-08-13,3
SHOP001,73159,Taxim O 200,2026-08-13,3
SHOP002,73152,Zocon 150,2026-08-13,2
SHOP001,73171,Alex Cough Syrup,2026-08-13,3
SHOP001,73178,Ovez-D,2026-08-14,2
SHOP001,73172,Evion 400,2026-08-14,3
SHOP002,73173,Neurobion Forte,2026-08-14,4
SHOP001,73166,Ofal-OZ,2026-08-14,12
SHOP001,73161,Aztor 10,2026-08-14,5
SHOP002,73171,Alex Cough Syrup,2026-08-14,2
SHOP002,73151,Celin 500,2026-08-15,1
SHOP002,73133,Azithral 500,2026-08-15,9
SHOP002,73170,Asthalin Inhaler,2026-08-15,2
SHOP001,73164,Limcee 500,2026-08-15,2
SHOP002,73142,Ciplox 500,2026-08-15,2
SHOP001,73163,Metolar XR 25,2026-08-15,9
SHOP001,73149,Becosules Caps,2026-08-15,1
SHOP002,73145,Benadryl Syrup,2026-08-15,3
SHOP001,73149,Becosules Caps,2026-08-16,5
SHOP001,73135,Glycomet GP2,2026-08-16,3
SHOP001,73132,Montair LC,2026-08-16,4
SHOP001,73166,Ofal-OZ,2026-08-16,15
SHOP001,73160,Meftal Spas,2026-08-17,5
SHOP002,73159,Taxim O 200,2026-08-17,4
SHOP001,73137,Electral Powder,2026-08-17,4
SHOP002,73173,Neurobion Forte,2026-08-17,5
SHOP002,73148,Cyclopam,2026-08-17,2
SHOP002,73176,Calpol 500,2026-08-17,8
SHOP002,73152,Zocon 150,2026-08-17,2
SHOP002,73135,Glycomet GP2,2026-08-17,8
SHOP001,73146,Janumet 50/500,2026-08-18,10
SHOP001,73138,Moxikind CV 625,2026-08-18,3
SHOP001,73160,Meftal Spas,2026-08-18,2
SHOP001,73175,Avil 25,2026-08-18,3
SHOP002,73174,Dulcoflex 5mg,2026-08-19,5
SHOP001,73160,Meftal Spas,2026-08-19,5
SHOP002,73166,Ofal-OZ,2026-08-19,14
SHOP002,73138,Moxikind CV 625,2026-08-19,1
SHOP001,73136,Telmikind 40,2026-08-20,4
SHOP001,73146,Janumet 50/500,2026-08-20,6
SHOP001,73152,Zocon 150,2026-08-20,3
SHOP002,73152,Zocon 150,2026-08-20,3
SHOP002,73135,Glycomet GP2,2026-08-21,10
SHOP001,73178,Ovez-D,2026-08-21,3
SHOP001,73143,Allegra 120,2026-08-21,2
SHOP001,73159,Taxim O 200,2026-08-21,5
SHOP001,73139,Ondem 4mg,2026-08-22,11
SHOP002,73130,Pantop DSR,2026-08-22,3
SHOP002,73162,Cipcal 500,2026-08-22,3
SHOP001,73166,Ofal-OZ,2026-08-22,17
SHOP002,73162,Cipcal 500,2026-08-22,5
SHOP001,73142,Ciplox 500,2026-08-23,3
SHOP002,73132,Montair LC,2026-08-23,1
SHOP001,73179,Itaspor 100,2026-08-23,5
SHOP002,73132,Montair LC,2026-08-23,2
SHOP002,73154,Gelusil MPS,2026-08-23,5
SHOP001,73179,Itaspor 100,2026-08-24,1
SHOP002,73172,Evion 400,2026-08-24,1
SHOP001,73145,Benadryl Syrup,2026-08-24,1
SHOP002,73139,Ondem 4mg,2026-08-25,23
SHOP002,73176,Calpol 500,2026-08-25,16
SHOP001,73178,Ovez-D,2026-08-25,3
SHOP001,73160,Meftal Spas,2026-08-25,2
SHOP002,73156,Ecosprin 75,2026-08-25,5
SHOP002,73170,Asthalin Inhaler,2026-08-25,4
SHOP001,73179,Itaspor 100,2026-08-25,2
SHOP002,73168,Rabekind D,2026-08-25,4
SHOP002,73167,Zerodol SP,2026-08-26,5
SHOP001,73179,Itaspor 100,2026-08-26,2
SHOP002,73153,Deriphyllin 150,2026-08-26,3
SHOP001,73150,Shelcal 500,2026-08-26,4
SHOP002,73149,Becosules Caps,2026-08-26,5
SHOP001,73163,Metolar XR 25,2026-08-26,5
SHOP002,73130,Pantop DSR,2026-08-27,2
SHOP002,73152,Zocon 150,2026-08-27,4
SHOP001,73137,Electral Powder,2026-08-27,3
SHOP002,73145,Benadryl Syrup,2026-08-27,3
SHOP001,73154,Gelusil MPS,2026-08-28,4
SHOP002,73136,Telmikind 40,2026-08-28,4
SHOP002,73178,Ovez-D,2026-08-28,3
SHOP001,73171,Alex Cough Syrup,2026-08-28,4
SHOP001,73140,Atorva 10,2026-08-30,8
SHOP001,73174,Dulcoflex 5mg,2026-08-30,1
SHOP002,73150,Shelcal 500,2026-08-30,2
SHOP002,73156,Ecosprin 75,2026-08-31,5
SHOP001,73151,Celin 500,2026-09-01,4
SHOP001,73163,Metolar XR 25,2026-09-01,8
SHOP001,73158,Cefakind 500,2026-09-01,5
SHOP001,73134,Ascoril LS Syrup,2026-09-02,2
SHOP001,73144,Combiflam,2026-09-02,4
SHOP002,73132,Montair LC,2026-09-02,5
SHOP001,73165,Lupisulide P,2026-09-02,2
SHOP002,73163,Metolar XR 25,2026-09-03,3
SHOP001,73154,Gelusil MPS,2026-09-03,4
SHOP001,73136,Telmikind 40,2026-09-03,7
SHOP002,73150,Shelcal 500,2026-09-03,5
SHOP002,73152,Zocon 150,2026-09-03,3
SHOP002,73176,Calpol 500,2026-09-03,9
SHOP002,73165,Lupisulide P,2026-09-03,1
SHOP001,73144,Combiflam,2026-09-03,4
SHOP001,73163,Metolar XR 25,2026-09-03,8
SHOP001,73178,Ovez-D,2026-09-04,3
SHOP002,73141,Pan 40,2026-09-04,5
SHOP001,73139,Ondem 4mg,2026-09-05,15
SHOP002,73177,Voveran SR 100,2026-09-05,3
SHOP002,73167,Zerodol SP,2026-09-05,4
SHOP001,73169,Foracort 200,2026-09-06,2
SHOP001,73176,Calpol 500,2026-09-06,8
SHOP001,73175,Avil 25,2026-09-06,1
SHOP001,73164,Limcee 500,2026-09-07,5
SHOP001,73148,Cyclopam,2026-09-07,2
SHOP001,73179,Itaspor 100,2026-09-07,3
SHOP002,73173,Neurobion Forte,2026-09-07,4
SHOP001,73145,Benadryl Syrup,2026-09-08,5
SHOP001,73144,Combiflam,2026-09-08,3
SHOP002,73154,Gelusil MPS,2026-09-08,2
SHOP001,73167,Zerodol SP,2026-09-08,2
SHOP002,73139,Ondem 4mg,2026-09-08,25
SHOP002,73167,Zerodol SP,2026-09-08,4
SHOP002,73159,Taxim O 200,2026-09-09,1
SHOP001,73131,Dolo 650,2026-09-09,21
SHOP002,73135,Glycomet GP2,2026-09-09,7
SHOP002,73138,Moxikind CV 625,2026-09-09,2
SHOP001,73132,Montair LC,2026-09-09,5
SHOP002,73174,Dulcoflex 5mg,2026-09-09,5
SHOP001,73151,Celin 500,2026-09-10,3
SHOP001,73152,Zocon 150,2026-09-10,1
SHOP001,73179,Itaspor 100,2026-09-10,4
SHOP001,73151,Celin 500,2026-09-10,1
SHOP001,73154,Gelusil MPS,2026-09-10,4
SHOP001,73160,Meftal Spas,2026-09-10,3
SHOP001,73167,Zerodol SP,2026-09-11,2
SHOP001,73175,Avil 25,2026-09-11,1
SHOP002,73151,Celin 500,2026-09-11,3
SHOP001,73134,Ascoril LS Syrup,2026-09-12,2
SHOP002,73179,Itaspor 100,2026-09-12,3
SHOP002,73136,Telmikind 40,2026-09-12,6
SHOP002,73150,Shelcal 500,2026-09-12,1
SHOP001,73173,Neurobion Forte,2026-09-12,4
SHOP001,73174,Dulcoflex 5mg,2026-09-12,4
SHOP002,73147,Amlokind 5,2026-09-12,8
SHOP001,73142,Ciplox 500,2026-09-12,4
SHOP001,73163,Metolar XR 25,2026-09-12,10
SHOP001,73177,Voveran SR 100,2026-09-13,1
SHOP002,73136,Telmikind 40,2026-09-13,10
SHOP001,73130,Pantop DSR,2026-09-13,3
SHOP002,73148,Cyclopam,2026-09-13,2
SHOP001,73179,Itaspor 100,2026-09-13,5
SHOP002,73140,Atorva 10,2026-09-14,4
SHOP001,73157,Eldoper Caps,2026-09-14,2
SHOP002,73157,Eldoper Caps,2026-09-14,2
SHOP002,73144,Combiflam,2026-09-14,2
SHOP001,73148,Cyclopam,2026-09-14,4
SHOP002,73132,Montair LC,2026-09-15,2
SHOP001,73166,Ofal-OZ,2026-09-15,19
SHOP002,73175,Avil 25,2026-09-15,3
SHOP002,73163,Metolar XR 25,2026-09-15,5
SHOP002,73176,Calpol 500,2026-09-15,18
SHOP001,73179,Itaspor 100,2026-09-16,3
SHOP001,73164,Limcee 500,2026-09-16,2
SHOP001,73168,Rabekind D,2026-09-16,4
SHOP002,73149,Becosules Caps,2026-09-16,1
SHOP002,73175,Avil 25,2026-09-16,4
SHOP002,73154,Gelusil MPS,2026-09-16,5
SHOP002,73178,Ovez-D,2026-09-17,2
SHOP001,73158,Cefakind 500,2026-09-17,3
SHOP001,73168,Rabekind D,2026-09-18,2
SHOP002,73167,Zerodol SP,2026-09-18,1
